Workbook

Sheet 01.07.2026
A1: KERALA STATE ELECTRICITY BOARD LIMITED
A2: DAILY REPORT - WATER LEVELS OF MAJOR RESERVOIRS (As on 01.07.2026) 7.00 AM.
A3: Sl. No. | B3: Name of Reservoir | C3: District | D3: FRL (metre) | E3: Rule level (metre) | F3: Water level on date (metre) | G3: MWL (metre) | H3: Spillway Crest Level (metre) | I3: Blue Alert level (metre) | J3: Orange Alert level (metre) | K3: Red Alert Level (metre) | L3: Live Storage at FRL (MCM) | M3: Live Storage (MCM) | N3: % Storage | O3: % Storage wrt Live Storage at FRL | P3: Inflow (MCM) | Q3: Average Inflow (Cumecs) | R3: Power House Discharge (MCM) | S3: Spill (MCM) | T3: Current Spillway release (Cumecs) | U3: Total Outflow (MCM) | V3: Rain fall (mm) | W3: Remarks | X3: Generation (MU) | AA3: =0.224/8 -> 0.028
A4: 1 | B4: 2 | C4: 3 | D4: 4 | E4: 5 | F4: 6 | I4: 7 | J4: 8 | K4: 9 | M4: 10 | N4: 11 | O4: 15 | P4: 12 | Q4: 13 | R4: 14 | S4: 15 | T4: 16 | U4: 17=14+15 | V4: 18 | W4: 19
A5: 1 | B5: IDUKKI | C5: IDK | D5: 2403 | E5: 2375.33 | F5: 2321 | G5: 2408.5 ft | H5: 2373 ft | I5: =E5-8 -> 2367.33 | J5: =E5-2 -> 2373.33 | K5: =E5-1 -> 2374.33 | L5: 1459.49 | M5: 343.54 | N5: =ROUND((M5/L5)*100,2) -> 23.54 | O5: =(#REF!/L5) -> #REF! | P5: 3.911 | Q5: =ROUND((P5*1000000/(24*3600)),2) -> 45.27 | R5: 0.9804 | S5: 0 | T5: 0 | U5: =R5+S5 -> 0.9804 | V5: 23 | X5: 1.42
A6: 2 | B6: IDAMALAYAR | C6: EKM | D6: 169 | E6: 161.5 | F6: 138.52 | G6: 171 | H6: 161 | I6: =E6-1.5 -> 160 | J6: =E6-1 -> 160.5 | K6: =E6-0.5 -> 161 | L6: 1017.8 | M6: 281.12 | N6: =ROUND((M6/L6)*100,2) -> 27.62 | O6: =(#REF!/L6) -> #REF! | P6: 3.9416 | Q6: =ROUND((P6*1000000/(24*3600)),2) -> 45.62 | R6: 0 | S6: 0 | T6: 0 | U6: =R6+S6 -> 0 | V6: 17.2 | X6: 0
A7: 3 | B7: KAKKI - ANATHODE | C7: PTTA | D7: 981.46 | E7: 975.36 | F7: 947.81 | G7: 982.16 | H7: 975.36 | I7: =E7-2 -> 973.36 | J7: =E7-1 -> 974.36 | K7: =E7-0.5 -> 974.86 | L7: 446.51 | M7: 99.06 | N7: =ROUND((M7/L7)*100,2) -> 22.19 | O7: =(#REF!/L7) -> #REF! | P7: 1.5678 | Q7: =ROUND((P7*1000000/(24*3600)),2) -> 18.15 | R7: 0.4278 | S7: 0 | T7: 0 | U7: =R7+S7 -> 0.4278 | V7: 46 | X7: 0.69
A8: 4 | B8: BANASURASAGAR (K A S) | C8: WND | D8: 775.6 | E8: 771 | F8: 756.15 | G8: 775.6 | H8: 767 | I8: =E8-1.5 -> 769.5 | J8: =E8-1 -> 770 | K8: =E8-0.5 -> 770.5 | L8: 201 | M8: 21.55 | N8: =ROUND((M8/L8)*100,2) -> 10.72 | O8: =(#REF!/L8) -> #REF! | P8: 0.9 | Q8: =ROUND((P8*1000000/(24*3600)),2) -> 10.42 | S8: 0 | T8: 0 | U8: =R8+S8 -> 0 | V8: 16.4 | W8: Tunnel fully closed on 29.06.2026 at 11.15 am. Tunnel discharge- Nil | Z8: =0.16/8 -> 0.02
A9: 5 | B9: SHOLAYAR | C9: TSR | D9: 2663 | F9: 2589.5 | G9: 2663 ft | H9: 2642 ft | I9: 2658 | J9: 2660 | K9: 2661 | L9: 149.089 | M9: 19.09 | N9: =ROUND((M9/L9)*100,2) -> 12.8 | O9: =(#REF!/L9) -> #REF! | P9: 0.5987 | Q9: =ROUND((P9*1000000/(24*3600)),2) -> 6.93 | R9: 0.3269 | S9: 0 | T9: 0 | U9: =R9+S9 -> 0.3269 | V9: 29 | X9: 0.2063
A10: 6 | B10: MADUPETTY | C10: IDK | D10: 1599.59 | F10: 1568.1 | G10: 1599.59 | H10: 1594.71 | I10: 1596 | J10: 1597 | K10: 1598 | L10: 54.77 | M10: 2.39 | N10: =ROUND((M10/L10)*100,2) -> 4.36 | O10: =(#REF!/L10) -> #REF! | P10: 0.139 | Q10: =ROUND((P10*1000000/(24*3600)),2) -> 1.61 | R10: 0 | S10: 0 | T10: =Y10 -> 0 | U10: =R10+S10 -> 0 | V10: 10 | W10: Sluice discharge =0.489MCM | X10: 0 | Y10: =(S10*1000000)/(24*60*60) -> 0
A11: 7 | B11: ANAYIRANKAL | C11: IDK | D11: 1207.02 | F11: 1194.95 | G11: 1210.07 | H11: 1207.02 | I11: 1205.02 | J11: 1206.02 | K11: 1207.02 | L11: 49.83 | M11: 9.9482 | N11: =ROUND((M11/L11)*100,2) -> 19.96 | O11: =(#REF!/L11) -> #REF! | P11: 0.0694 | Q11: =ROUND((P11*1000000/(24*3600)),2) -> 0.8 | S11: 0 | T11: 0 | U11: =R11+S11 -> 0 | V11: 7 | W11: (Sluice gate fully closed @ 4.00 pm on 05.06.2026) | X11: 0 | Y11: =ROUND((S11*1000000/(24*3600)),2) -> 0
A12: 8 | B12: PONMUDI | C12: IDK | D12: 707.75 | F12: 691.15 | G12: 708.66 | H12: 701.35 | I12: 704.5 | J12: 705.5 | K12: 706.5 | L12: 47.4 | M12: 15.7885 | N12: =ROUND((M12/L12)*100,2) -> 33.31 | O12: =(#REF!/L12) -> #REF! | P12: 0.5527 | Q12: =ROUND((P12*1000000/(24*3600)),2) -> 6.4 | R12: 0 | S12: 0 | T12: 0 | U12: =R12+S12 -> 0 | V12: 27 | X12: 0 | Y12: =ROUND((S12*1000000/(24*3600)),2) -> 0
A13: 9 | B13: KUTTIYADI (KAKKAYAM) | C13: KKD | D13: 758.04 | F13: 747.61 | G13: 758.04 | H13: 751.64 | I13: 755.5 | J13: 756.5 | K13: 757.5 | L13: 33.98 | M13: 11.462 | N13: =ROUND((M13/L13)*100,2) -> 33.73 | O13: =(#REF!/L13) -> #REF! | P13: 1.4101 | Q13: =ROUND((P13*1000000/(24*3600)),2) -> 16.32 | R13: 0.0501 | S13: 0 | T13: 0 | U13: =R13+S13 -> 0.0501 | V13: 61 | X13: 0.0716
A14: 10 | B14: PAMBA | C14: PTTA | D14: 986.33 | F14: 964.45 | G14: 986.33 | H14: 981.46 | I14: 982 | J14: 983.5 | K14: 984.5 | L14: 31.15 | M14: 0.97 | N14: =ROUND((M14/L14)*100,2) -> 3.11 | O14: =(#REF!/L14) -> #REF! | P14: 1.357 | Q14: =ROUND((P14*1000000/(24*3600)),2) -> 15.71 | S14: 0 | T14: 0 | U14: =R14+S14 -> 0 | V14: 27 | X14: 0
A15: 11 | B15: PORINGALKUTHU | C15: TSR | D15: 423.98 | F15: 416 | G15: 423.98 | H15: 419.41 | I15: 421 | J15: 422 | K15: 423 | L15: 30.3 | M15: 11.1 | N15: =ROUND((M15/L15)*100,2) -> 36.63 | O15: =(#REF!/L15) -> #REF! | P15: 1.4767 | Q15: =ROUND((P15*1000000/(24*3600)),2) -> 17.09 | R15: 0.8992 | S15: 0 | T15: 0 | U15: =R15+S15 -> 0.8992 | V15: 33.4 | X15: 0.35358 | AB15: =0.0294/8 -> 0.003675
A16: 12 | B16: KUNDALA | C16: IDK | D16: 1758.69 | F16: 1746.35 | G16: 1759.3 | I16: 1755 | J16: 1756 | K16: 1757 | L16: 7.65 | M16: 1.358 | N16: =ROUND((M16/L16)*100,2) -> 17.75 | O16: =(#REF!/L16) -> #REF! | P16: 0.028 | Q16: =ROUND((P16*1000000/(24*3600)),2) -> 0.32 | R16: 0 | S16: 0 | T16: 0 | U16: =R16+S16 -> 0 | V16: 5 | W16: Sluice discharge = 0.00 MCM. All gates are closed | X16: 0 | Y16: =ROUND((S16*1000000/(24*3600)),2) -> 0
A17: 13 | B17: KALLARKUTTY | C17: IDK | D17: 456.59 | F17: 452.3 | G17: 456.9 | H17: 450.2 | K17: 455 | L17: 6.43 | M17: 3.862 | N17: =ROUND((M17/L17)*100,2) -> 60.06 | O17: =(#REF!/L17) -> #REF! | P17: 1.4011 | Q17: =ROUND((P17*1000000/(24*3600)),2) -> 16.22 | R17: 1.6817 | S17: 0 | T17: 0 | U17: =R17+S17 -> 1.6817 | V17: 22 | X17: 0.7876 | Y17: =(S17*1000000)/(24*60*60) -> 0 | Z17: =ROUND((0.054*1000000/(24*3600)),2) -> 0.63
A18: 14 | B18: ERATTAYAR | C18: IDK | D18: 754.38 | F18: 746.4 | G18: 754.38 | H18: 748.28 | K18: 748.28 | L18: 5.292 | M18: 0.5467 | N18: =ROUND((M18/L18)*100,2) -> 10.33 | Q18: =ROUND((P18*1000000/(24*3600)),2) -> 0 | S18: 0 | T18: 0 | U18: =R18+S18 -> 0 | V18: 0 | X18: 0
A19: 15 | B19: LOWER PERIYAR | C19: IDK | D19: 253 | F19: 248.4 | G19: 256 | H19: 237.74 | K19: 252 | L19: 4.55 | M19: 2.666 | N19: =ROUND((M19/L19)*100,2) -> 58.59 | O19: =(#REF!/L19) -> #REF! | P19: 2.1616 | Q19: =ROUND((P19*1000000/(24*3600)),2) -> 25.02 | R19: 2.3566 | S19: 0 | T19: 0 | U19: =R19+S19 -> 2.3566 | V19: 34 | X19: 1.085 | Y19: =ROUND((S19*1000000/(24*3600)),2) -> 0 | AA19: =ROUND((0.1728*1000000/(3*3600)),2) -> 16
A20: 16 | B20: MOOZHIYAR | C20: PTTA | D20: 192.63 | F20: 185.1 | G20: 192.94 | H20: 186.53 | K20: 190 | L20: 1.16 | M20: 0.283 | N20: =ROUND((M20/L20)*100,2) -> 24.4 | O20: =(#REF!/L20) -> #REF! | P20: 1.0692 | Q20: =ROUND((P20*1000000/(24*3600)),2) -> 12.38 | R20: 0.8716 | S20: 0 | T20: 0 | U20: =R20+S20 -> 0.8716 | V20: 18 | X20: 0.26817 | Y20: =ROUND((S20*1000000/(24*3600)),2) -> 0 | Z20: =ROUND((S20*1000000/(24*3600)),2) -> 0
A21: 17 | B21: KALLAR | C21: IDK | D21: 824.48 | F21: 820.2 | G21: 824.48 | H21: 818.38 | K21: 823.5 | L21: 0.763 | M21: 0.1913 | N21: =ROUND((M21/L21)*100,2) -> 25.07 | Q21: =ROUND((P21*1000000/(24*3600)),2) -> 0 | S21: 0 | T21: 0 | U21: =R21+S21 -> 0 | V21: 0 | X21: 0
A22: 18 | B22: SENGULAM | C22: IDK | D22: 847.64 | F22: 846.7 | G22: 849.49 | H22: 847.64 | L22: 0.39 | M22: 0.165 | N22: =ROUND((M22/L22)*100,2) -> 42.31 | O22: =(#REF!/L22) -> #REF! | P22: 0.7051 | Q22: =ROUND((P22*1000000/(24*3600)),2) -> 8.16 | R22: 0.7523 | S22: 0 | T22: 0 | U22: =R22+S22 -> 0.7523 | V22: 7.5 | X22: 0.5924
B23: Grand Total | L23: =SUM(L5:L22) -> 3547.554 | M23: =ROUND(SUM(M5:M22),2) -> 825.09 | N23: =ROUND((M23/L23)*100,2) -> 23.26 | O23: =(#REF!/L23) -> #REF!
B25: Spilling Dams : Nil | T25: Deputy Chief Engineer

Sheet MU
C1: DAM SAFETY ORGANISATION, KSEBL RESERVOIR STATISTICS - WATER YEAR 2026-2027 (1.06.2026 to 31.05.2027) | P1: 01.07.2026 7AM
A2: # | B2: RESERVOIR | C2: WATER LEVEL (M) | E2: LIVE STORAGE | J2: INFLOW (MU) | L2: GENERATION (MU) | N2: SPILL (MU) | P2: RAINFALL (MM) | S2: Cum. Inflow up to Yesterday | T2: Cum. Gen. up to Yesterday | U2: Cum. Spill. up to Yesterday | V2: Cum. rain up to Yesterday
C3: FRL | D3: TODAY | E3: FRL (MU) | F3: TODAY | H3: LAST DAY | J3: TODAY | K3: CUMULATIVE | L3: TODAY | M3: CUMULATIVE | N3: TODAY | O3: CUMULATIVE | P3: TODAY | Q3: CUMULATIVE
F4: MU | G4: % | H4: MU | I4: %
A5: 1 | B5: =[1]MCM_DATA!A5 -> IDUKKI ( WL in Feet) | C5: =[1]MCM_DATA!B5 -> 2403 | D5: ='01.07.2026'!F5 -> 2321 | E5: ='01.07.2026'!L5*1.5 -> 2189.235 | F5: ='01.07.2026'!M5*1.5 -> 515.31 | G5: =ROUND((F5/E5),4) -> 0.2354 | H5: 511.146 | I5: =ROUND((H5/E5),4) -> 0.2335 | J5: =ROUND(((('01.07.2026'!Q5*24*3600)/1000000)*1.5),2) -> 5.87 | K5: =J5+S5 -> 185.12 | L5: ='01.07.2026'!X5 -> 1.42 | M5: =L5+T5 -> 124.588 | N5: =ROUND(((('01.07.2026'!T5*24*3600)/1000000)*1.5),2) -> 0 | O5: =U5+N5 -> 0 | P5: ='01.07.2026'!V5 -> 23 | Q5: =P5+V5 -> 452.6 | S5: 179.25 | T5: 123.168 | U5: 0 | V5: 429.6
A6: 2 | B6: =[1]MCM_DATA!A6 -> IDAMALAYAR | C6: =[1]MCM_DATA!B6 -> 169 | D6: ='01.07.2026'!F6 -> 138.52 | E6: ='01.07.2026'!L6*0.25 -> 254.45 | F6: ='01.07.2026'!M6*0.25 -> 70.28 | G6: =ROUND((F6/E6),4) -> 0.2762 | H6: 69.30875 | I6: =ROUND((H6/E6),4) -> 0.2724 | J6: =ROUND(((('01.07.2026'!Q6*24*3600)/1000000)*0.25),2) -> 0.99 | K6: =J6+S6 -> 18.95 | L6: ='01.07.2026'!X6 -> 0 | M6: =L6+T6 -> 4.0681 | N6: =ROUND(((('01.07.2026'!T6*24*3600)/1000000)*0.25),2) -> 0 | O6: =U6+N6 -> 0 | P6: ='01.07.2026'!V6 -> 17.2 | Q6: =P6+V6 -> 652.2 | S6: 17.96 | T6: 4.0681 | U6: 0 | V6: 635
A7: 3 | B7: =[1]MCM_DATA!A7 -> KAKKI | C7: =[1]MCM_DATA!B7 -> 981.46 | D7: ='01.07.2026'!F7 -> 947.81 | E7: ='01.07.2026'!L7*1.918 -> 856.40618 | F7: ='01.07.2026'!M7*1.918 -> 189.99708 | G7: =ROUND((F7/E7),4) -> 0.2219 | H7: 187.81056 | I7: =ROUND((H7/E7),4) -> 0.2193 | J7: =ROUND(((('01.07.2026'!Q7*24*3600)/1000000)*1.918),2) -> 3.01 | K7: =J7+S7 -> 132.84 | L7: ='01.07.2026'!X7 -> 0.69 | M7: =L7+T7 -> 44.7218 | N7: =ROUND(((('01.07.2026'!T7*24*3600)/1000000)*1.918),2) -> 0 | O7: =U7+N7 -> 0 | P7: ='01.07.2026'!V7 -> 46 | Q7: =P7+V7 -> 846 | S7: 129.83 | T7: 44.0318 | U7: 0 | V7: 800
A8: 4 | B8: =[1]MCM_DATA!A8 -> PAMBA | C8: =[1]MCM_DATA!B8 -> 986.33 | D8: ='01.07.2026'!F14 -> 964.45 | E8: ='01.07.2026'!L14*1.918 -> 59.7457 | F8: ='01.07.2026'!M14*1.918 -> 1.86046 | G8: =ROUND((F8/E8),4) -> 0.0311 | H8: 1.6303 | I8: =ROUND((H8/E8),4) -> 0.0273 | J8: =ROUND(((('01.07.2026'!Q14*24*3600)/1000000)*1.918),2) -> 2.6 | K8: =J8+S8 -> 124.69 | N8: =ROUND(((('01.07.2026'!T14*24*3600)/1000000)*1.918),2) -> 0 | O8: =U8+N8 -> 0 | P8: ='01.07.2026'!V14 -> 27 | Q8: =P8+V8 -> 647 | S8: 122.09 | U8: 0 | V8: 620
A9: 5 | B9: =[1]MCM_DATA!A9 -> BANASURASAGAR | C9: =[1]MCM_DATA!B9 -> 775.6 | D9: ='01.07.2026'!F8 -> 756.15 | E9: ='01.07.2026'!L8*1.26 -> 253.26 | F9: ='01.07.2026'!M8*1.26 -> 27.153 | G9: =ROUND((F9/E9),4) -> 0.1072 | H9: 26.019 | I9: =ROUND((H9/E9),4) -> 0.1027 | J9: =ROUND(((('01.07.2026'!Q8*24*3600)/1000000)*1.26),2) -> 1.13 | K9: =J9+S9 -> 14.45 | L9: ='01.07.2026'!X13 -> 0.0716 | M9: =L9+T9 -> 23.2827 | N9: =ROUND(((('01.07.2026'!T8*24*3600)/1000000)*1.26),2) -> 0 | O9: =U9+N9 -> 0 | P9: ='01.07.2026'!V8 -> 16.4 | Q9: =P9+V9 -> 316.2 | S9: 13.32 | T9: 23.2111 | U9: 0 | V9: 299.8
A10: 6 | B10: =[1]MCM_DATA!A10 -> KAKKAYAM | C10: =[1]MCM_DATA!B10 -> 758.04 | D10: ='01.07.2026'!F13 -> 747.61 | E10: ='01.07.2026'!L13*1.26 -> 42.8148 | F10: ='01.07.2026'!M13*1.26 -> 14.44212 | G10: =ROUND((F10/E10),4) -> 0.3373 | H10: 12.72852 | I10: =ROUND((H10/E10),4) -> 0.2973 | J10: =ROUND(((('01.07.2026'!Q13*24*3600)/1000000)*1.26),2) -> 1.78 | K10: =J10+S10 -> 23.35 | N10: =ROUND(((('01.07.2026'!T13*24*3600)/1000000)*1.26),2) -> 0 | O10: =U10+N10 -> 0 | P10: ='01.07.2026'!V13 -> 61 | Q10: =P10+V10 -> 936 | S10: 21.57 | U10: 0 | V10: 875
A11: 7 | B11: =[1]MCM_DATA!A11 -> SHOLAYAR (WL in Feet) | C11: =[1]MCM_DATA!B11 -> 2663 | D11: ='01.07.2026'!F9 -> 2589.5 | E11: ='01.07.2026'!L9*1.02 -> 152.07078 | F11: ='01.07.2026'!M9*1.02 -> 19.4718 | G11: =ROUND((F11/E11),4) -> 0.128 | H11: 19.1862 | I11: =ROUND((H11/E11),4) -> 0.1262 | J11: =ROUND(((('01.07.2026'!Q9*24*3600)/1000000)*1.02),2) -> 0.61 | K11: =J11+S11 -> 12.73 | L11: ='01.07.2026'!X9 -> 0.2063 | M11: =L11+T11 -> 7.6169 | N11: =ROUND(((('01.07.2026'!T9*24*3600)/1000000)*1.02),2) -> 0 | O11: =U11+N11 -> 0 | P11: ='01.07.2026'!V9 -> 29 | Q11: =P11+V11 -> 521.6 | S11: 12.12 | T11: 7.4106 | U11: 0 | V11: 492.6
A12: 8 | B12: =[1]MCM_DATA!A12 -> KUNDALA | C12: =[1]MCM_DATA!B12 -> 1758.69 | D12: ='01.07.2026'!F16 -> 1746.35 | E12: ='01.07.2026'!L16*2.92 -> 22.338 | F12: ='01.07.2026'!M16*2.92 -> 3.96536 | G12: =ROUND((F12/E12),4) -> 0.1775 | H12: 3.8836 | I12: =ROUND((H12/E12),4) -> 0.1739 | J12: =ROUND(((('01.07.2026'!Q16*24*3600)/1000000)*2.92),2) -> 0.08 | K12: =J12+S12 -> 9.39 | L12: ='01.07.2026'!X10 -> 0 | M12: =T12+L12 -> 0 | N12: =ROUND(((('01.07.2026'!T16*24*3600)/1000000)*2.92),2) -> 0 | O12: =U12+N12 -> 0 | P12: ='01.07.2026'!V16 -> 5 | Q12: =P12+V12 -> 183.4 | S12: 9.31 | T12: 0 | U12: 0 | V12: 178.4
A13: 9 | B13: =[1]MCM_DATA!A13 -> MADUPETTY | C13: =[1]MCM_DATA!B13 -> 1599.59 | D13: ='01.07.2026'!F10 -> 1568.1 | E13: ='01.07.2026'!L10*1.263 -> 69.17451 | F13: ='01.07.2026'!M10*1.263 -> 3.01857 | G13: =ROUND((F13/E13),4) -> 0.0436 | H13: 3.46062 | I13: =ROUND((H13/E13),4) -> 0.05 | J13: =ROUND(((('01.07.2026'!Q10*24*3600)/1000000)*1.263),2) -> 0.18 | K13: =J13+S13 -> 10.6 | N13: =ROUND(((('01.07.2026'!T10*24*3600)/1000000)*1.263),2) -> 0 | O13: =U13+N13 -> 0 | P13: ='01.07.2026'!V10 -> 10 | Q13: =P13+V13 -> 270.4 | S13: 10.42 | U13: 0 | V13: 260.4
A14: 10 | B14: =[1]MCM_DATA!A14 -> ANAYIRANKAL | C14: =[1]MCM_DATA!B14 -> 1207.02 | D14: ='01.07.2026'!F11 -> 1194.95 | E14: ='01.07.2026'!L11*1.34 -> 66.7722 | F14: ='01.07.2026'!M11*1.34 -> 13.330588 | G14: =ROUND((F14/E14),4) -> 0.1996 | H14: 13.237592 | I14: =ROUND((H14/E14),4) -> 0.1983 | J14: =ROUND(((('01.07.2026'!Q11*24*3600)/1000000)*1.34),2) -> 0.09 | K14: =J14+S14 -> 11.77 | L14: ='01.07.2026'!X12 -> 0 | M14: =T14+L14 -> 6.1216 | N14: =ROUND(((('01.07.2026'!T11*24*3600)/1000000)*1.34),2) -> 0 | O14: =U14+N14 -> 0 | P14: ='01.07.2026'!V11 -> 7 | Q14: =P14+V14 -> 245 | S14: 11.68 | T14: 6.1216 | U14: 0 | V14: 238
A15: 11 | B15: =[1]MCM_DATA!A15 -> PONMUDUI | C15: =[1]MCM_DATA!B15 -> 707.75 | D15: ='01.07.2026'!F12 -> 691.15 | E15: ='01.07.2026'!L12*1.34 -> 63.516 | F15: ='01.07.2026'!M12*1.34 -> 21.15659 | G15: =ROUND((F15/E15),4) -> 0.3331 | H15: 20.415972 | I15: =ROUND((H15/E15),4) -> 0.3214 | J15: =ROUND(((('01.07.2026'!Q12*24*3600)/1000000)*1.34),2) -> 0.74 | K15: =J15+S15 -> 26.62 | N15: =ROUND(((('01.07.2026'!T12*24*3600)/1000000)*1.34),2) -> 0 | O15: =U15+N15 -> 0 | P15: ='01.07.2026'!V12 -> 27 | Q15: =P15+V15 -> 355 | S15: 25.88 | U15: 0 | V15: 328
A16: 12 | B16: =[1]MCM_DATA!A16 -> PORINGALKUTHU | C16: =[1]MCM_DATA!B16 -> 423.98 | D16: ='01.07.2026'!F15 -> 416 | E16: ='01.07.2026'!L15*0.35 -> 10.605 | F16: ='01.07.2026'!M15*0.35 -> 3.885 | G16: =ROUND((F16/E16),4) -> 0.3663 | H16: 3.682 | I16: =ROUND((H16/E16),4) -> 0.3472 | J16: =ROUND(((('01.07.2026'!Q15*24*3600)/1000000)*0.35),2) -> 0.52 | K16: =J16+S16 -> 13.5 | L16: ='01.07.2026'!X15 -> 0.35358 | M16: =L16+T16 -> 14.0073 | N16: =ROUND(((('01.07.2026'!T15*24*3600)/1000000)*0.35),2) -> 0 | O16: =U16+N16 -> 0 | P16: ='01.07.2026'!V15 -> 33.4 | Q16: =P16+V16 -> 679.8 | S16: 12.98 | T16: 13.65372 | U16: 0 | V16: 646.4
A17: 13 | B17: =[1]MCM_DATA!A17 -> KALLARKUTTY | C17: =[1]MCM_DATA!B17 -> 456.95 | D17: ='01.07.2026'!F17 -> 452.3 | E17: ='01.07.2026'!L17*0.87 -> 5.5941 | F17: ='01.07.2026'!M17*0.87 -> 3.35994 | G17: =ROUND((F17/E17),4) -> 0.6006 | H17: 3.60354 | I17: =ROUND((H17/E17),4) -> 0.6442 | J17: =ROUND(((('01.07.2026'!Q17*24*3600)/1000000)*0.87),2) -> 1.22 | K17: =J17+S17 -> 44.59 | L17: ='01.07.2026'!X17 -> 0.7876 | M17: =L17+T17 -> 24.3138 | N17: =ROUND(((('01.07.2026'!T17*24*3600)/1000000)*0.87),2) -> 0 | O17: =U17+N17 -> 0 | P17: ='01.07.2026'!V17 -> 22 | Q17: =P17+V17 -> 374 | S17: 43.37 | T17: 23.5262 | U17: 0 | V17: 352
A18: 14 | B18: =[1]MCM_DATA!A18 -> LOWER PERIYAR | C18: =[1]MCM_DATA!B18 -> 253 | D18: ='01.07.2026'!F19 -> 248.4 | E18: ='01.07.2026'!L19*0.46 -> 2.093 | F18: ='01.07.2026'!M19*0.46 -> 1.22636 | G18: =ROUND((F18/E18),4) -> 0.5859 | H18: 1.31606 | I18: =ROUND((H18/E18),4) -> 0.6288 | J18: =ROUND(((('01.07.2026'!Q19*24*3600)/1000000)*0.46),2) -> 0.99 | K18: =J18+S18 -> 29.84 | L18: ='01.07.2026'!X19 -> 1.085 | M18: =L18+T18 -> 29.956 | N18: =ROUND(((('01.07.2026'!T19*24*3600)/1000000)*0.46),2) -> 0 | O18: =U18+N18 -> 0 | P18: ='01.07.2026'!V19 -> 34 | Q18: =P18+V18 -> 472 | S18: 28.85 | T18: 28.871 | U18: 0 | V18: 438
A19: 15 | B19: =[1]MCM_DATA!A19 -> MOOZHIYAR | C19: =[1]MCM_DATA!B19 -> 192.63 | D19: ='01.07.2026'!F20 -> 185.1 | E19: ='01.07.2026'!L20*0.308 -> 0.35728 | F19: ='01.07.2026'!M20*0.308 -> 0.087164 | G19: =ROUND((F19/E19),4) -> 0.244 | H19: 0.1155 | I19: =ROUND((H19/E19),4) -> 0.3233 | J19: =ROUND(((('01.07.2026'!Q20*24*3600)/1000000)*0.308),2) -> 0.33 | K19: =J19+S19 -> 10.91 | L19: ='01.07.2026'!X20 -> 0.26817 | M19: =L19+T19 -> 12.03444 | N19: =ROUND(((('01.07.2026'!T20*24*3600)/1000000)*0.308),4) -> 0 | O19: =U19+N19 -> 0 | P19: ='01.07.2026'!V20 -> 18 | Q19: =P19+V19 -> 633 | S19: 10.58 | T19: 11.76627 | U19: 0 | V19: 615
A20: 16 | B20: =[1]MCM_DATA!A20 -> SENGULAM | C20: =[1]MCM_DATA!B20 -> 847.64 | D20: ='01.07.2026'!F22 -> 846.7 | E20: ='01.07.2026'!L22*0.79 -> 0.3081 | F20: ='01.07.2026'!M22*0.79 -> 0.13035 | G20: =ROUND((F20/E20),4) -> 0.4231 | H20: 0.16827 | I20: =ROUND((H20/E20),4) -> 0.5462 | J20: =ROUND(((('01.07.2026'!Q22*24*3600)/1000000)*0.79),2) -> 0.56 | K20: =J20+S20 -> 16.75 | L20: ='01.07.2026'!X22 -> 0.5924 | M20: =L20+T20 -> 16.7294 | N20: =ROUND(((('01.07.2026'!T22*24*3600)/1000000)*0.79),2) -> 0 | O20: =U20+N20 -> 0 | P20: ='01.07.2026'!V22 -> 7.5 | Q20: =P20+V20 -> 132.2 | S20: 16.19 | T20: 16.137 | U20: 0 | V20: 124.7
A21: GRAND TOTAL | F21: =SUM(F5:F20) -> 888.67438 | H21: =SUM(H5:H20) -> 877.71248 | J21: =SUM(J5:J20) -> 20.7 | K21: =SUM(K5:K20) -> 686.1 | L21: =SUM(L5:L20) -> 5.47465 | M21: =SUM(M5:M20) -> 307.44004 | N21: =SUM(N5:N20) -> 0 | O21: =SUM(O5:O20) -> 0
N23: Sd/-
N24: Deputy Chief Engineer
N25: Research & Dam Safety Organization
N26: Pallom, Kottayam
A27: 1 | B27: Before editing copy Coulmn "F" and paste as values to column "H"
A28: 2 | B28: For cumulative inflow copy copy column "K" to Column "S" as values
A29: 3 | B29: For cumulative generation copy copy column "M" to Column "T" as values
A30: 4 | B30: For cumulative spill, copy copy column "O" to Column "U" as values
A31: 5 | B31: For cumulative rainfall, copy copy column "Q" to Column "V" as values
A32: 6 | B32: Enter todays generation to column "X" at 18 Dams sheet from dam safety group ( Madupetty Kundala from SLDC Site)

Sheet FB
A1: കേരള സ്റ്റേറ്റ് ഇലക്ട്രിസിറ്റി ബോർഡ് ലിമിറ്റഡ്
A2: (കേരളത്തിലെ പ്രധാന അണക്കെട്ടുകളിലെ (KSEBL) ദിനേനയുള്ള ജലനിരപ്പ് സംബന്ധിച്ചുള്ള വിവരം)
A3: ='01.07.2026'!A2:W2 -> DAILY REPORT - WATER LEVELS OF MAJOR RESERVOIRS (As on 01.07.2026) 7.00 AM.
A4: Sl. No. | B4: അണക്കെട്ട് Name of Dam | C4: പരമാവധി ജലനിരപ്പ് (മീറ്റർ) FRL in (m) | D4: പൂർണ്ണ സംഭരണശേഷി Total Live Storage at FRL (MCM) | E4: നിലവിലെ ജലനിരപ്പ് Water level as on date (m) | F4: നിലവിലെ മൊത്ത സംഭരണo Live Storage as on Date (MCM) | G4: നിലവിലെ മൊത്ത സംഭരണ ശതമാനം Live Storage Percentage | H4: പുറത്ത് വിടുന്ന വെള്ളം Spill (cumecs) | I4: കുറിപ്പ് Remarks
A5: 1 | B5: 2 | C5: 3 | D5: 4 | E5: 5 | F5: 6 | G5: 7 | H5: 8 | I5: 9
A6: 1 | B6: ഇടുക്കി - IDUKKI | C6: 2403 അടി (feet) | D6: 1459.49 | E6: ='01.07.2026'!F5 -> 2321 | F6: ='01.07.2026'!M5 -> 343.54 | G6: =ROUND((F6/D6),4) -> 0.2354 | H6: ='01.07.2026'!T5 -> 0
A7: 2 | B7: ഇടമലയാർ - IDAMALAYAR | C7: 169 | D7: 1017.8 | E7: ='01.07.2026'!F6 -> 138.52 | F7: ='01.07.2026'!M6 -> 281.12 | G7: =ROUND((F7/D7),4) -> 0.2762 | H7: ='01.07.2026'!T6 -> 0
A8: 3 | B8: കക്കി (ആനത്തോട്) - KAKKI (ANATHODE ) | C8: 981.46 | D8: 446.51 | E8: ='01.07.2026'!F7 -> 947.81 | F8: ='01.07.2026'!M7 -> 99.06 | G8: =ROUND((F8/D8),4) -> 0.2219 | H8: ='01.07.2026'!T7 -> 0
A9: 4 | B9: ബാണാസുരസാഗർ -BANASURASAGAR | C9: 775.6 | D9: 201 | E9: ='01.07.2026'!F8 -> 756.15 | F9: ='01.07.2026'!M8 -> 21.55 | G9: =ROUND((F9/D9),4) -> 0.1072 | H9: ='01.07.2026'!T8 -> 0
A10: 5 | B10: ഷോളയാർ - SHOLAYAR | C10: 2663 അടി (feet) | D10: 149.09 | E10: ='01.07.2026'!F9 -> 2589.5 | F10: ='01.07.2026'!M9 -> 19.09 | G10: =ROUND((F10/D10),4) -> 0.128 | H10: ='01.07.2026'!T9 -> 0
A11: 6 | B11: മാടുപെട്ടി -MADUPETTY | C11: 1599.59 | D11: 54.77 | E11: ='01.07.2026'!F10 -> 1568.1 | F11: ='01.07.2026'!M10 -> 2.39 | G11: =ROUND((F11/D11),4) -> 0.0436 | H11: ='01.07.2026'!T10 -> 0
A12: 7 | B12: ആനയിറങ്കൽ ANAYIRANKAL | C12: 1207.02 | D12: 49.83 | E12: ='01.07.2026'!F11 -> 1194.95 | F12: ='01.07.2026'!M11 -> 9.9482 | G12: =ROUND((F12/D12),4) -> 0.1996 | H12: ='01.07.2026'!T11 -> 0
A13: 8 | B13: പൊന്മുടി - PONMUDI | C13: 707.93 | D13: 47.4 | E13: ='01.07.2026'!F12 -> 691.15 | F13: ='01.07.2026'!M12 -> 15.7885 | G13: =ROUND((F13/D13),4) -> 0.3331 | H13: ='01.07.2026'!T12 -> 0
A14: 9 | B14: കുറ്റിയാടി - KUTTIYADI | C14: 758.04 | D14: 33.98 | E14: ='01.07.2026'!F13 -> 747.61 | F14: ='01.07.2026'!M13 -> 11.462 | G14: =ROUND((F14/D14),4) -> 0.3373 | H14: ='01.07.2026'!T13 -> 0
A15: 10 | B15: പമ്പ - PAMBA | C15: 986.33 | D15: 31.15 | E15: ='01.07.2026'!F14 -> 964.45 | F15: ='01.07.2026'!M14 -> 0.97 | G15: =ROUND((F15/D15),4) -> 0.0311 | H15: ='01.07.2026'!T14 -> 0
A16: 11 | B16: പൊരിങ്ങൽകുത്ത് - PORINGALKUTHU | C16: 423.98 | D16: 30.3 | E16: ='01.07.2026'!F15 -> 416 | F16: ='01.07.2026'!M15 -> 11.1 | G16: =ROUND((F16/D16),4) -> 0.3663 | H16: ='01.07.2026'!T15 -> 0
A17: 12 | B17: കുണ്ടള - KUNDALA | C17: 1758.696 | D17: 7.65 | E17: ='01.07.2026'!F16 -> 1746.35 | F17: ='01.07.2026'!M16 -> 1.358 | G17: =ROUND((F17/D17),4) -> 0.1775 | H17: ='01.07.2026'!T16 -> 0
A18: 13 | B18: കല്ലാർകുട്ടി - KALLARKUTTY | C18: 456.59 | D18: 6.43 | E18: ='01.07.2026'!F17 -> 452.3 | F18: ='01.07.2026'!M17 -> 3.862 | G18: =ROUND((F18/D18),4) -> 0.6006 | H18: ='01.07.2026'!T17 -> 0
A19: 14 | B19: ഇരട്ടയാർ - ERATTAYAR | C19: 754.38 | D19: 5.292 | E19: ='01.07.2026'!F18 -> 746.4 | F19: ='01.07.2026'!M18 -> 0.5467 | G19: =ROUND((F19/D19),4) -> 0.1033 | H19: ='01.07.2026'!T18 -> 0
A20: 15 | B20: ലോവർ പെരിയാർ - LOWER PERIYAR | C20: 253 | D20: 4.55 | E20: ='01.07.2026'!F19 -> 248.4 | F20: ='01.07.2026'!M19 -> 2.666 | G20: =ROUND((F20/D20),4) -> 0.5859 | H20: ='01.07.2026'!T19 -> 0
A21: 16 | B21: മൂഴിയാർ - MOOZHIYAR | C21: 192.63 | D21: 1.16 | E21: ='01.07.2026'!F20 -> 185.1 | F21: ='01.07.2026'!M20 -> 0.283 | G21: =ROUND((F21/D21),4) -> 0.244 | H21: ='01.07.2026'!T20 -> 0
A22: 17 | B22: കല്ലാർ - KALLAR | C22: 824.48 | D22: 0.763 | E22: ='01.07.2026'!F21 -> 820.2 | F22: ='01.07.2026'!M21 -> 0.1913 | G22: =ROUND((F22/D22),4) -> 0.2507 | H22: ='01.07.2026'!T21 -> 0
A23: 18 | B23: ചെങ്കുളം - SENGULAM | C23: 847.64 | D23: 0.39 | E23: ='01.07.2026'!F22 -> 846.7 | F23: ='01.07.2026'!M22 -> 0.165 | G23: =ROUND((F23/D23),4) -> 0.4231 | H23: ='01.07.2026'!T22 -> 0

Sheet 02.07.2026
A1: KERALA STATE ELECTRICITY BOARD LIMITED
A2: DAILY REPORT - WATER LEVELS OF MAJOR RESERVOIRS (As on 02.07.2026) 7.00 AM.
A3: Sl. No. | B3: Name of Reservoir | C3: District | D3: FRL (metre) | E3: Rule level (metre) | F3: Water level on date (metre) | G3: MWL (metre) | H3: Spillway Crest Level (metre) | I3: Blue Alert level (metre) | J3: Orange Alert level (metre) | K3: Red Alert Level (metre) | L3: Live Storage at FRL (MCM) | M3: Live Storage (MCM) | N3: % Storage | O3: % Storage wrt Live Storage at FRL | P3: Inflow (MCM) | Q3: Average Inflow (Cumecs) | R3: Power House Discharge (MCM) | S3: Spill (MCM) | T3: Current Spillway release (Cumecs) | U3: Total Outflow (MCM) | V3: Rain fall (mm) | W3: Remarks | X3: Generation (MU) | AA3: =0.224/8 -> 0.028
A4: 1 | B4: 2 | C4: 3 | D4: 4 | E4: 5 | F4: 6 | I4: 7 | J4: 8 | K4: 9 | M4: 10 | N4: 11 | O4: 15 | P4: 12 | Q4: 13 | R4: 14 | S4: 15 | T4: 16 | U4: 17=14+15 | V4: 18 | W4: 19
A5: 1 | B5: IDUKKI | C5: IDK | D5: 2403 | E5: 2375.33 | F5: 2321.24 | G5: 2408.5 ft | H5: 2373 ft | I5: =E5-8 -> 2367.33 | J5: =E5-2 -> 2373.33 | K5: =E5-1 -> 2374.33 | L5: 1459.49 | M5: 346.102 | N5: =ROUND((M5/L5)*100,2) -> 23.71 | O5: =(#REF!/L5) -> #REF! | P5: 4.145 | Q5: =ROUND((P5*1000000/(24*3600)),2) -> 47.97 | R5: 1.4283 | S5: 0 | T5: 0 | U5: =R5+S5 -> 1.4283 | V5: 6.4 | X5: 2.069
A6: 2 | B6: IDAMALAYAR | C6: EKM | D6: 169 | E6: 161.5 | F6: 138.77 | G6: 171 | H6: 161 | I6: =E6-1.5 -> 160 | J6: =E6-1 -> 160.5 | K6: =E6-0.5 -> 161 | L6: 1017.8 | M6: 285.745 | N6: =ROUND((M6/L6)*100,2) -> 28.07 | O6: =(#REF!/L6) -> #REF! | P6: 4.6455 | Q6: =ROUND((P6*1000000/(24*3600)),2) -> 53.77 | R6: 0.0067 | S6: 0 | T6: 0 | U6: =R6+S6 -> 0.0067 | V6: 15.8 | X6: 0.0016
A7: 3 | B7: KAKKI - ANATHODE | C7: PTTA | D7: 981.46 | E7: 975.36 | F7: 947.99 | G7: 982.16 | H7: 975.36 | I7: =E7-2 -> 973.36 | J7: =E7-1 -> 974.36 | K7: =E7-0.5 -> 974.86 | L7: 446.51 | M7: 100 | N7: =ROUND((M7/L7)*100,2) -> 22.4 | O7: =(#REF!/L7) -> #REF! | P7: 1.3002 | Q7: =ROUND((P7*1000000/(24*3600)),2) -> 15.05 | R7: 0.3602 | S7: 0 | T7: 0 | U7: =R7+S7 -> 0.3602 | V7: 4 | X7: 0.581
A8: 4 | B8: BANASURASAGAR (K A S) | C8: WND | D8: 775.6 | E8: 771 | F8: 756.4 | G8: 775.6 | H8: 767 | I8: =E8-1.5 -> 769.5 | J8: =E8-1 -> 770 | K8: =E8-0.5 -> 770.5 | L8: 201 | M8: 23.15 | N8: =ROUND((M8/L8)*100,2) -> 11.52 | O8: =(#REF!/L8) -> #REF! | P8: 1.6 | Q8: =ROUND((P8*1000000/(24*3600)),2) -> 18.52 | S8: 0 | T8: 0 | U8: =R8+S8 -> 0 | V8: 17 | W8: Tunnel fully closed on 29.06.2026 at 11.15 am. Tunnel discharge- Nil | Z8: =0.16/8 -> 0.02
A9: 5 | B9: SHOLAYAR | C9: TSR | D9: 2663 | F9: 2590.6 | G9: 2663 ft | H9: 2642 ft | I9: 2658 | J9: 2660 | K9: 2661 | L9: 149.089 | M9: 20.08 | N9: =ROUND((M9/L9)*100,2) -> 13.47 | O9: =(#REF!/L9) -> #REF! | P9: 0.9968 | Q9: =ROUND((P9*1000000/(24*3600)),2) -> 11.54 | R9: 0 | S9: 0 | T9: 0 | U9: =R9+S9 -> 0 | V9: 23 | X9: 0
A10: 6 | B10: MADUPETTY | C10: IDK | D10: 1599.59 | F10: 1267.8 | G10: 1599.59 | H10: 1594.71 | I10: 1596 | J10: 1597 | K10: 1598 | L10: 54.77 | M10: 2.09 | N10: =ROUND((M10/L10)*100,2) -> 3.82 | O10: =(#REF!/L10) -> #REF! | P10: 0.189 | Q10: =ROUND((P10*1000000/(24*3600)),2) -> 2.19 | R10: 0 | S10: 0 | T10: =Y10 -> 0 | U10: =R10+S10 -> 0 | V10: 8.6 | W10: Sluice discharge =0.489MCM | X10: 0 | Y10: =(S10*1000000)/(24*60*60) -> 0
A11: 7 | B11: ANAYIRANKAL | C11: IDK | D11: 1207.02 | F11: 1194.99 | G11: 1210.07 | H11: 1207.02 | I11: 1205.02 | J11: 1206.02 | K11: 1207.02 | L11: 49.83 | M11: 10.0176 | N11: =ROUND((M11/L11)*100,2) -> 20.1 | O11: =(#REF!/L11) -> #REF! | P11: 0.0694 | Q11: =ROUND((P11*1000000/(24*3600)),2) -> 0.8 | S11: 0 | T11: 0 | U11: =R11+S11 -> 0 | V11: 5 | W11: (Sluice gate fully closed @ 4.00 pm on 05.06.2026) | X11: 0 | Y11: =ROUND((S11*1000000/(24*3600)),2) -> 0
A12: 8 | B12: PONMUDI | C12: IDK | D12: 707.75 | F12: 691.35 | G12: 708.66 | H12: 701.35 | I12: 704.5 | J12: 705.5 | K12: 706.5 | L12: 47.4 | M12: 16.1043 | N12: =ROUND((M12/L12)*100,2) -> 33.98 | O12: =(#REF!/L12) -> #REF! | P12: 0.3158 | Q12: =ROUND((P12*1000000/(24*3600)),2) -> 3.66 | R12: 0 | S12: 0 | T12: 0 | U12: =R12+S12 -> 0 | V12: 12 | X12: 0 | Y12: =ROUND((S12*1000000/(24*3600)),2) -> 0
A13: 9 | B13: KUTTIYADI (KAKKAYAM) | C13: KKD | D13: 758.04 | F13: 748.34 | G13: 758.04 | H13: 751.64 | I13: 755.5 | J13: 756.5 | K13: 757.5 | L13: 33.98 | M13: 12.7148 | N13: =ROUND((M13/L13)*100,2) -> 37.42 | O13: =(#REF!/L13) -> #REF! | P13: 1.2528 | Q13: =ROUND((P13*1000000/(24*3600)),2) -> 14.5 | R13: 0 | S13: 0 | T13: 0 | U13: =R13+S13 -> 0 | V13: 43 | X13: 0
A14: 10 | B14: PAMBA | C14: PTTA | D14: 986.33 | F14: 964.45 | G14: 986.33 | H14: 981.46 | I14: 982 | J14: 983.5 | K14: 984.5 | L14: 31.15 | M14: 0.97 | N14: =ROUND((M14/L14)*100,2) -> 3.11 | O14: =(#REF!/L14) -> #REF! | P14: 1.339 | Q14: =ROUND((P14*1000000/(24*3600)),2) -> 15.5 | S14: 0 | T14: 0 | U14: =R14+S14 -> 0 | V14: 27 | X14: 0
A15: 11 | B15: PORINGALKUTHU | C15: TSR | D15: 423.98 | F15: 417.2 | G15: 423.98 | H15: 419.41 | I15: 421 | J15: 422 | K15: 423 | L15: 30.3 | M15: 13.5 | N15: =ROUND((M15/L15)*100,2) -> 44.55 | O15: =(#REF!/L15) -> #REF! | P15: 3.6054 | Q15: =ROUND((P15*1000000/(24*3600)),2) -> 41.73 | R15: 1.2054 | S15: 0 | T15: 0 | U15: =R15+S15 -> 1.2054 | V15: 24.2 | X15: 0.48294 | AB15: =0.0294/8 -> 0.003675
A16: 12 | B16: KUNDALA | C16: IDK | D16: 1758.69 | F16: 1746.45 | G16: 1759.3 | I16: 1755 | J16: 1756 | K16: 1757 | L16: 7.65 | M16: 1.386 | N16: =ROUND((M16/L16)*100,2) -> 18.12 | O16: =(#REF!/L16) -> #REF! | P16: 0.028 | Q16: =ROUND((P16*1000000/(24*3600)),2) -> 0.32 | R16: 0 | S16: 0 | T16: 0 | U16: =R16+S16 -> 0 | V16: 3 | W16: Sluice discharge = 0.00 MCM. All gates are closed | X16: 0 | Y16: =ROUND((S16*1000000/(24*3600)),2) -> 0
A17: 13 | B17: KALLARKUTTY | C17: IDK | D17: 456.59 | F17: 452.25 | G17: 456.9 | H17: 450.2 | K17: 455 | L17: 6.43 | M17: 3.836 | N17: =ROUND((M17/L17)*100,2) -> 59.66 | O17: =(#REF!/L17) -> #REF! | P17: 1.8195 | Q17: =ROUND((P17*1000000/(24*3600)),2) -> 21.06 | R17: 1.845 | S17: 0 | T17: 0 | U17: =R17+S17 -> 1.845 | V17: 16 | X17: 0.8644 | Y17: =(S17*1000000)/(24*60*60) -> 0 | Z17: =ROUND((0.054*1000000/(24*3600)),2) -> 0.63
A18: 14 | B18: ERATTAYAR | C18: IDK | D18: 754.38 | F18: 746.4 | G18: 754.38 | H18: 748.28 | K18: 748.28 | L18: 5.292 | M18: 0.5467 | N18: =ROUND((M18/L18)*100,2) -> 10.33 | Q18: =ROUND((P18*1000000/(24*3600)),2) -> 0 | S18: 0 | T18: 0 | U18: =R18+S18 -> 0 | V18: 0 | X18: 0
A19: 15 | B19: LOWER PERIYAR | C19: IDK | D19: 253 | F19: 248.3 | G19: 256 | H19: 237.74 | K19: 252 | L19: 4.55 | M19: 2.627 | N19: =ROUND((M19/L19)*100,2) -> 57.74 | O19: =(#REF!/L19) -> #REF! | P19: 3.0148 | Q19: =ROUND((P19*1000000/(24*3600)),2) -> 34.89 | R19: 3.0538 | S19: 0 | T19: 0 | U19: =R19+S19 -> 3.0538 | V19: 28 | X19: 1.406 | Y19: =ROUND((S19*1000000/(24*3600)),2) -> 0 | AA19: =ROUND((0.1728*1000000/(3*3600)),2) -> 16
A20: 16 | B20: MOOZHIYAR | C20: PTTA | D20: 192.63 | F20: 185.7 | G20: 192.94 | H20: 186.53 | K20: 190 | L20: 1.16 | M20: 0.336 | N20: =ROUND((M20/L20)*100,2) -> 28.97 | O20: =(#REF!/L20) -> #REF! | P20: 1.025 | Q20: =ROUND((P20*1000000/(24*3600)),2) -> 11.86 | R20: 0.8279 | S20: 0 | T20: 0 | U20: =R20+S20 -> 0.8279 | V20: 12 | X20: 0.25475 | Y20: =ROUND((S20*1000000/(24*3600)),2) -> 0 | Z20: =ROUND((S20*1000000/(24*3600)),2) -> 0
A21: 17 | B21: KALLAR | C21: IDK | D21: 824.48 | F21: 820.2 | G21: 824.48 | H21: 818.38 | K21: 823.5 | L21: 0.763 | M21: 0.1913 | N21: =ROUND((M21/L21)*100,2) -> 25.07 | Q21: =ROUND((P21*1000000/(24*3600)),2) -> 0 | S21: 0 | T21: 0 | U21: =R21+S21 -> 0 | V21: 0 | X21: 0
A22: 18 | B22: SENGULAM | C22: IDK | D22: 847.64 | F22: 846.6 | G22: 849.49 | H22: 847.64 | L22: 0.39 | M22: 0.142 | N22: =ROUND((M22/L22)*100,2) -> 36.41 | O22: =(#REF!/L22) -> #REF! | P22: 0.9493 | Q22: =ROUND((P22*1000000/(24*3600)),2) -> 10.99 | R22: 0.972947 | S22: 0 | T22: 0 | U22: =R22+S22 -> 0.972947 | V22: 5.5 | X22: 0.7661
B23: Grand Total | L23: =SUM(L5:L22) -> 3547.554 | M23: =ROUND(SUM(M5:M22),2) -> 839.54 | N23: =ROUND((M23/L23)*100,2) -> 23.67 | O23: =(#REF!/L23) -> #REF!
B25: Spilling Dams : Nil | T25: Deputy Chief Engineer

Sheet 03.07.2026
A1: KERALA STATE ELECTRICITY BOARD LIMITED
A2: DAILY REPORT - WATER LEVELS OF MAJOR RESERVOIRS (As on 03.07.2026) 7.00 AM.
A3: Sl. No. | B3: Name of Reservoir | C3: District | D3: FRL (metre) | E3: Rule level (metre) | F3: Water level on date (metre) | G3: MWL (metre) | H3: Spillway Crest Level (metre) | I3: Blue Alert level (metre) | J3: Orange Alert level (metre) | K3: Red Alert Level (metre) | L3: Live Storage at FRL (MCM) | M3: Live Storage (MCM) | N3: % Storage | O3: % Storage wrt Live Storage at FRL | P3: Inflow (MCM) | Q3: Average Inflow (Cumecs) | R3: Power House Discharge (MCM) | S3: Spill (MCM) | T3: Current Spillway release (Cumecs) | U3: Total Outflow (MCM) | V3: Rain fall (mm) | W3: Remarks | X3: Generation (MU) | AA3: =0.224/8 -> 0.028
A4: 1 | B4: 2 | C4: 3 | D4: 4 | E4: 5 | F4: 6 | I4: 7 | J4: 8 | K4: 9 | M4: 10 | N4: 11 | O4: 15 | P4: 12 | Q4: 13 | R4: 14 | S4: 15 | T4: 16 | U4: 17=14+15 | V4: 18 | W4: 19
A5: 1 | B5: IDUKKI | C5: IDK | D5: 2403 | E5: 2375.33 | F5: 2321.5 | G5: 2408.5 ft | H5: 2373 ft | I5: =E5-8 -> 2367.33 | J5: =E5-2 -> 2373.33 | K5: =E5-1 -> 2374.33 | L5: 1459.49 | M5: 348.877 | N5: =ROUND((M5/L5)*100,2) -> 23.9 | O5: =(#REF!/L5) -> #REF! | P5: 5.036 | Q5: =ROUND((P5*1000000/(24*3600)),2) -> 58.29 | R5: 2.1059 | S5: 0 | T5: 0 | U5: =R5+S5 -> 2.1059 | V5: 47.2 | X5: 3.051
A6: 2 | B6: IDAMALAYAR | C6: EKM | D6: 169 | E6: 161.5 | F6: 139.03 | G6: 171 | H6: 161 | I6: =E6-1.5 -> 160 | J6: =E6-1 -> 160.5 | K6: =E6-0.5 -> 161 | L6: 1017.8 | M6: 290.57 | N6: =ROUND((M6/L6)*100,2) -> 28.55 | O6: =(#REF!/L6) -> #REF! | P6: 4.8275 | Q6: =ROUND((P6*1000000/(24*3600)),2) -> 55.87 | R6: 0 | S6: 0 | T6: 0 | U6: =R6+S6 -> 0 | V6: 30.08 | X6: 0
A7: 3 | B7: KAKKI - ANATHODE | C7: PTTA | D7: 981.46 | E7: 975.36 | F7: 948.21 | G7: 982.16 | H7: 975.36 | I7: =E7-2 -> 973.36 | J7: =E7-1 -> 974.36 | K7: =E7-0.5 -> 974.86 | L7: 446.51 | M7: 101.16 | N7: =ROUND((M7/L7)*100,2) -> 22.66 | O7: =(#REF!/L7) -> #REF! | P7: 1.8135 | Q7: =ROUND((P7*1000000/(24*3600)),2) -> 20.99 | R7: 0.6535 | S7: 0 | T7: 0 | U7: =R7+S7 -> 0.6535 | V7: 59 | X7: 1.054
A8: 4 | B8: BANASURASAGAR (K A S) | C8: WND | D8: 775.6 | E8: 771 | F8: 756.7 | G8: 775.6 | H8: 767 | I8: =E8-1.5 -> 769.5 | J8: =E8-1 -> 770 | K8: =E8-0.5 -> 770.5 | L8: 201 | M8: 24.75 | N8: =ROUND((M8/L8)*100,2) -> 12.31 | O8: =(#REF!/L8) -> #REF! | P8: 1.6 | Q8: =ROUND((P8*1000000/(24*3600)),2) -> 18.52 | S8: 0 | T8: 0 | U8: =R8+S8 -> 0 | V8: 24.8 | W8: Tunnel fully closed on 29.06.2026 at 11.15 am. Tunnel discharge- Nil | Z8: =0.16/8 -> 0.02
A9: 5 | B9: SHOLAYAR | C9: TSR | D9: 2663 | F9: 2592.2 | G9: 2663 ft | H9: 2642 ft | I9: 2658 | J9: 2660 | K9: 2661 | L9: 149.089 | M9: 21.57 | N9: =ROUND((M9/L9)*100,2) -> 14.47 | O9: =(#REF!/L9) -> #REF! | P9: 1.4895 | Q9: =ROUND((P9*1000000/(24*3600)),2) -> 17.24 | R9: 0 | S9: 0 | T9: 0 | U9: =R9+S9 -> 0 | V9: 31.3 | X9: 0
A10: 6 | B10: MADUPETTY | C10: IDK | D10: 1599.59 | F10: 1567.45 | G10: 1599.59 | H10: 1594.71 | I10: 1596 | J10: 1597 | K10: 1598 | L10: 54.77 | M10: 1.74 | N10: =ROUND((M10/L10)*100,2) -> 3.18 | O10: =(#REF!/L10) -> #REF! | P10: 0.139 | Q10: =ROUND((P10*1000000/(24*3600)),2) -> 1.61 | R10: 0 | S10: 0 | T10: =Y10 -> 0 | U10: =R10+S10 -> 0 | V10: 11 | W10: Sluice discharge =0.489MCM | X10: 0 | Y10: =(S10*1000000)/(24*60*60) -> 0
A11: 7 | B11: ANAYIRANKAL | C11: IDK | D11: 1207.02 | F11: 1195.06 | G11: 1210.07 | H11: 1207.02 | I11: 1205.02 | J11: 1206.02 | K11: 1207.02 | L11: 49.83 | M11: 10.139 | N11: =ROUND((M11/L11)*100,2) -> 20.35 | O11: =(#REF!/L11) -> #REF! | P11: 0.1214 | Q11: =ROUND((P11*1000000/(24*3600)),2) -> 1.41 | S11: 0 | T11: 0 | U11: =R11+S11 -> 0 | V11: 10 | W11: (Sluice gate fully closed @ 4.00 pm on 05.06.2026) | X11: 0 | Y11: =ROUND((S11*1000000/(24*3600)),2) -> 0
A12: 8 | B12: PONMUDI | C12: IDK | D12: 707.75 | F12: 691.7 | G12: 708.66 | H12: 701.35 | I12: 704.5 | J12: 705.5 | K12: 706.5 | L12: 47.4 | M12: 16.6569 | N12: =ROUND((M12/L12)*100,2) -> 35.14 | O12: =(#REF!/L12) -> #REF! | P12: 0.5526 | Q12: =ROUND((P12*1000000/(24*3600)),2) -> 6.4 | R12: 0 | S12: 0 | T12: 0 | U12: =R12+S12 -> 0 | V12: 24 | X12: 0 | Y12: =ROUND((S12*1000000/(24*3600)),2) -> 0
A13: 9 | B13: KUTTIYADI (KAKKAYAM) | C13: KKD | D13: 758.04 | F13: 749.41 | G13: 758.04 | H13: 751.64 | I13: 755.5 | J13: 756.5 | K13: 757.5 | L13: 33.98 | M13: 14.6122 | N13: =ROUND((M13/L13)*100,2) -> 43 | O13: =(#REF!/L13) -> #REF! | P13: 1.9609 | Q13: =ROUND((P13*1000000/(24*3600)),2) -> 22.7 | R13: 0 | S13: 0 | T13: 0 | U13: =R13+S13 -> 0 | V13: 82 | X13: 0.089
A14: 10 | B14: PAMBA | C14: PTTA | D14: 986.33 | F14: 964.55 | G14: 986.33 | H14: 981.46 | I14: 982 | J14: 983.5 | K14: 984.5 | L14: 31.15 | M14: 1.05 | N14: =ROUND((M14/L14)*100,2) -> 3.37 | O14: =(#REF!/L14) -> #REF! | P14: 1.339 | Q14: =ROUND((P14*1000000/(24*3600)),2) -> 15.5 | S14: 0 | T14: 0 | U14: =R14+S14 -> 0 | V14: 43 | X14: 0
A15: 11 | B15: PORINGALKUTHU | C15: TSR | D15: 423.98 | F15: 417.4 | G15: 423.98 | H15: 419.41 | I15: 421 | J15: 422 | K15: 423 | L15: 30.3 | M15: 13.9 | N15: =ROUND((M15/L15)*100,2) -> 45.87 | O15: =(#REF!/L15) -> #REF! | P15: 1.4353 | Q15: =ROUND((P15*1000000/(24*3600)),2) -> 16.61 | R15: 1.0353 | S15: 0 | T15: 0 | U15: =R15+S15 -> 1.0353 | V15: 41 | X15: 0.40647 | AB15: =0.0294/8 -> 0.003675
A16: 12 | B16: KUNDALA | C16: IDK | D16: 1758.69 | F16: 1746.6 | G16: 1759.3 | I16: 1755 | J16: 1756 | K16: 1757 | L16: 7.65 | M16: 1.428 | N16: =ROUND((M16/L16)*100,2) -> 18.67 | O16: =(#REF!/L16) -> #REF! | P16: 0.042 | Q16: =ROUND((P16*1000000/(24*3600)),2) -> 0.49 | R16: 0 | S16: 0 | T16: 0 | U16: =R16+S16 -> 0 | V16: 1 | W16: Sluice discharge = 0.00 MCM. All gates are closed | X16: 0 | Y16: =ROUND((S16*1000000/(24*3600)),2) -> 0
A17: 13 | B17: KALLARKUTTY | C17: IDK | D17: 456.59 | F17: 452.35 | G17: 456.9 | H17: 450.2 | K17: 455 | L17: 6.43 | M17: 3.887 | N17: =ROUND((M17/L17)*100,2) -> 60.45 | O17: =(#REF!/L17) -> #REF! | P17: 2.0145 | Q17: =ROUND((P17*1000000/(24*3600)),2) -> 23.32 | R17: 1.9635 | S17: 0 | T17: 0 | U17: =R17+S17 -> 1.9635 | V17: 2 | X17: 0.9223 | Y17: =(S17*1000000)/(24*60*60) -> 0 | Z17: =ROUND((0.054*1000000/(24*3600)),2) -> 0.63
A18: 14 | B18: ERATTAYAR | C18: IDK | D18: 754.38 | F18: 746.6 | G18: 754.38 | H18: 748.28 | K18: 748.28 | L18: 5.292 | M18: 0.5874 | N18: =ROUND((M18/L18)*100,2) -> 11.1 | Q18: =ROUND((P18*1000000/(24*3600)),2) -> 0 | S18: 0 | T18: 0 | U18: =R18+S18 -> 0 | V18: 0 | X18: 0
A19: 15 | B19: LOWER PERIYAR | C19: IDK | D19: 253 | F19: 247.9 | G19: 256 | H19: 237.74 | K19: 252 | L19: 4.55 | M19: 2.479 | N19: =ROUND((M19/L19)*100,2) -> 54.48 | O19: =(#REF!/L19) -> #REF! | P19: 2.8885 | Q19: =ROUND((P19*1000000/(24*3600)),2) -> 33.43 | R19: 3.0365 | S19: 0 | T19: 0 | U19: =R19+S19 -> 3.0365 | V19: 28 | X19: 1.398 | Y19: =ROUND((S19*1000000/(24*3600)),2) -> 0 | AA19: =ROUND((0.1728*1000000/(3*3600)),2) -> 16
A20: 16 | B20: MOOZHIYAR | C20: PTTA | D20: 192.63 | F20: 185.45 | G20: 192.94 | H20: 186.53 | K20: 190 | L20: 1.16 | M20: 0.318 | N20: =ROUND((M20/L20)*100,2) -> 27.41 | O20: =(#REF!/L20) -> #REF! | P20: 0.8883 | Q20: =ROUND((P20*1000000/(24*3600)),2) -> 10.28 | R20: 0.84838 | S20: 0 | T20: 0 | U20: =R20+S20 -> 0.84838 | V20: 26 | X20: 0.26104 | Y20: =ROUND((S20*1000000/(24*3600)),2) -> 0 | Z20: =ROUND((S20*1000000/(24*3600)),2) -> 0
A21: 17 | B21: KALLAR | C21: IDK | D21: 824.48 | F21: 820.2 | G21: 824.48 | H21: 818.38 | K21: 823.5 | L21: 0.763 | M21: 0.1913 | N21: =ROUND((M21/L21)*100,2) -> 25.07 | Q21: =ROUND((P21*1000000/(24*3600)),2) -> 0 | S21: 0 | T21: 0 | U21: =R21+S21 -> 0 | V21: 0 | X21: 0
A22: 18 | B22: SENGULAM | C22: IDK | D22: 847.64 | F22: 846.5 | G22: 849.49 | H22: 847.64 | L22: 0.39 | M22: 0.118 | N22: =ROUND((M22/L22)*100,2) -> 30.26 | O22: =(#REF!/L22) -> #REF! | P22: 0.89 | Q22: =ROUND((P22*1000000/(24*3600)),2) -> 10.3 | R22: 0.913638 | S22: 0 | T22: 0 | U22: =R22+S22 -> 0.913638 | V22: 2.8 | X22: 0.7194
B23: Grand Total | L23: =SUM(L5:L22) -> 3547.554 | M23: =ROUND(SUM(M5:M22),2) -> 854.03 | N23: =ROUND((M23/L23)*100,2) -> 24.07 | O23: =(#REF!/L23) -> #REF!
B25: Spilling Dams : Nil | T25: Deputy Chief Engineer

Sheet 04.07.2026
A1: KERALA STATE ELECTRICITY BOARD LIMITED
A2: DAILY REPORT - WATER LEVELS OF MAJOR RESERVOIRS (As on 04.07.2026) 7.00 AM.
A3: Sl. No. | B3: Name of Reservoir | C3: District | D3: FRL (metre) | E3: Rule level (metre) | F3: Water level on date (metre) | G3: MWL (metre) | H3: Spillway Crest Level (metre) | I3: Blue Alert level (metre) | J3: Orange Alert level (metre) | K3: Red Alert Level (metre) | L3: Live Storage at FRL (MCM) | M3: Live Storage (MCM) | N3: % Storage | O3: % Storage wrt Live Storage at FRL | P3: Inflow (MCM) | Q3: Average Inflow (Cumecs) | R3: Power House Discharge (MCM) | S3: Spill (MCM) | T3: Current Spillway release (Cumecs) | U3: Total Outflow (MCM) | V3: Rain fall (mm) | W3: Remarks | X3: Generation (MU) | AA3: =0.224/8 -> 0.028
A4: 1 | B4: 2 | C4: 3 | D4: 4 | E4: 5 | F4: 6 | I4: 7 | J4: 8 | K4: 9 | M4: 10 | N4: 11 | O4: 15 | P4: 12 | Q4: 13 | R4: 14 | S4: 15 | T4: 16 | U4: 17=14+15 | V4: 18 | W4: 19
A5: 1 | B5: IDUKKI | C5: IDK | D5: 2403 | E5: 2375.33 | F5: 2322.66 | G5: 2408.5 ft | H5: 2373 ft | I5: =E5-8 -> 2367.33 | J5: =E5-2 -> 2373.33 | K5: =E5-1 -> 2374.33 | L5: 1459.49 | M5: 361.28 | N5: =ROUND((M5/L5)*100,2) -> 24.75 | O5: =(#REF!/L5) -> #REF! | P5: 14.335 | Q5: =ROUND((P5*1000000/(24*3600)),2) -> 165.91 | R5: 1.7778 | S5: 0 | T5: 0 | U5: =R5+S5 -> 1.7778 | V5: 79.4 | X5: 2.577
A6: 2 | B6: IDAMALAYAR | C6: EKM | D6: 169 | E6: 161.5 | F6: 139.64 | G6: 171 | H6: 161 | I6: =E6-1.5 -> 160 | J6: =E6-1 -> 160.5 | K6: =E6-0.5 -> 161 | L6: 1017.8 | M6: 302.16 | N6: =ROUND((M6/L6)*100,2) -> 29.69 | O6: =(#REF!/L6) -> #REF! | P6: 11.6129 | Q6: =ROUND((P6*1000000/(24*3600)),2) -> 134.41 | R6: 0 | S6: 0 | T6: 0 | U6: =R6+S6 -> 0 | V6: 46.4 | X6: 0
A7: 3 | B7: KAKKI - ANATHODE | C7: PTTA | D7: 981.46 | E7: 975.36 | F7: 948.95 | G7: 982.16 | H7: 975.36 | I7: =E7-2 -> 973.36 | J7: =E7-1 -> 974.36 | K7: =E7-0.5 -> 974.86 | L7: 446.51 | M7: 105.13 | N7: =ROUND((M7/L7)*100,2) -> 23.54 | O7: =(#REF!/L7) -> #REF! | P7: 4.4536 | Q7: =ROUND((P7*1000000/(24*3600)),2) -> 51.55 | R7: 0.4836 | S7: 0 | T7: 0 | U7: =R7+S7 -> 0.4836 | V7: 117 | X7: 0.78
A8: 4 | B8: BANASURASAGAR (K A S) | C8: WND | D8: 775.6 | E8: 771 | F8: 757.3 | G8: 775.6 | H8: 767 | I8: =E8-1.5 -> 769.5 | J8: =E8-1 -> 770 | K8: =E8-0.5 -> 770.5 | L8: 201 | M8: 28.15 | N8: =ROUND((M8/L8)*100,2) -> 14 | O8: =(#REF!/L8) -> #REF! | P8: 3.4 | Q8: =ROUND((P8*1000000/(24*3600)),2) -> 39.35 | S8: 0 | T8: 0 | U8: =R8+S8 -> 0 | V8: 39.2 | W8: Tunnel fully closed on 29.06.2026 at 11.15 am. Tunnel discharge- Nil | Z8: =0.16/8 -> 0.02
A9: 5 | B9: SHOLAYAR | C9: TSR | D9: 2663 | F9: 2594.2 | G9: 2663 ft | H9: 2642 ft | I9: 2658 | J9: 2660 | K9: 2661 | L9: 149.089 | M9: 23.54 | N9: =ROUND((M9/L9)*100,2) -> 15.79 | O9: =(#REF!/L9) -> #REF! | P9: 1.9652 | Q9: =ROUND((P9*1000000/(24*3600)),2) -> 22.75 | R9: 0 | S9: 0 | T9: 0 | U9: =R9+S9 -> 0 | V9: 46.3 | X9: 0
A10: 6 | B10: MADUPETTY | C10: IDK | D10: 1599.59 | F10: 1567.75 | G10: 1599.59 | H10: 1594.71 | I10: 1596 | J10: 1597 | K10: 1598 | L10: 54.77 | M10: 2.04 | N10: =ROUND((M10/L10)*100,2) -> 3.72 | O10: =(#REF!/L10) -> #REF! | P10: 0.3204 | Q10: =ROUND((P10*1000000/(24*3600)),2) -> 3.71 | R10: 0 | S10: 0 | T10: =Y10 -> 0 | U10: =R10+S10 -> 0 | V10: 24.8 | W10: Sluice discharge =0.0204MCM | X10: 0 | Y10: =(S10*1000000)/(24*60*60) -> 0
A11: 7 | B11: ANAYIRANKAL | C11: IDK | D11: 1207.02 | F11: 1195.14 | G11: 1210.07 | H11: 1207.02 | I11: 1205.02 | J11: 1206.02 | K11: 1207.02 | L11: 49.83 | M11: 10.2777 | N11: =ROUND((M11/L11)*100,2) -> 20.63 | O11: =(#REF!/L11) -> #REF! | P11: 0.1387 | Q11: =ROUND((P11*1000000/(24*3600)),2) -> 1.61 | S11: 0 | T11: 0 | U11: =R11+S11 -> 0 | V11: 22 | W11: (Sluice gate fully closed @ 4.00 pm on 05.06.2026) | X11: 0 | Y11: =ROUND((S11*1000000/(24*3600)),2) -> 0
A12: 8 | B12: PONMUDI | C12: IDK | D12: 707.75 | F12: 692.15 | G12: 708.66 | H12: 701.35 | I12: 704.5 | J12: 705.5 | K12: 706.5 | L12: 47.4 | M12: 17.3674 | N12: =ROUND((M12/L12)*100,2) -> 36.64 | O12: =(#REF!/L12) -> #REF! | P12: 0.7105 | Q12: =ROUND((P12*1000000/(24*3600)),2) -> 8.22 | R12: 0 | S12: 0 | T12: 0 | U12: =R12+S12 -> 0 | V12: 36 | X12: 0 | Y12: =ROUND((S12*1000000/(24*3600)),2) -> 0
A13: 9 | B13: KUTTIYADI (KAKKAYAM) | C13: KKD | D13: 758.04 | F13: 750.72 | G13: 758.04 | H13: 751.64 | I13: 755.5 | J13: 756.5 | K13: 757.5 | L13: 33.98 | M13: 17.233 | N13: =ROUND((M13/L13)*100,2) -> 50.72 | O13: =(#REF!/L13) -> #REF! | P13: 2.9415 | Q13: =ROUND((P13*1000000/(24*3600)),2) -> 34.05 | R13: 0.3207 | S13: 0 | T13: 0 | U13: =R13+S13 -> 0.3207 | V13: 143 | X13: 0.4533
A14: 10 | B14: PAMBA | C14: PTTA | D14: 986.33 | F14: 965.85 | G14: 986.33 | H14: 981.46 | I14: 982 | J14: 983.5 | K14: 984.5 | L14: 31.15 | M14: 2.09 | N14: =ROUND((M14/L14)*100,2) -> 6.71 | O14: =(#REF!/L14) -> #REF! | P14: 3.538 | Q14: =ROUND((P14*1000000/(24*3600)),2) -> 40.95 | S14: 0 | T14: 0 | U14: =R14+S14 -> 0 | V14: 88 | X14: 0
A15: 11 | B15: PORINGALKUTHU | C15: TSR | D15: 423.98 | F15: 419.1 | G15: 423.98 | H15: 419.41 | I15: 421 | J15: 422 | K15: 423 | L15: 30.3 | M15: 17.5 | N15: =ROUND((M15/L15)*100,2) -> 57.76 | O15: =(#REF!/L15) -> #REF! | P15: 5.7652 | Q15: =ROUND((P15*1000000/(24*3600)),2) -> 66.73 | R15: 2.1652 | S15: 0 | T15: 0 | U15: =R15+S15 -> 2.1652 | V15: 57.3 | X15: 0.8684 | AB15: =0.0294/8 -> 0.003675
A16: 12 | B16: KUNDALA | C16: IDK | D16: 1758.69 | F16: 1746.7 | G16: 1759.3 | I16: 1755 | J16: 1756 | K16: 1757 | L16: 7.65 | M16: 1.456 | N16: =ROUND((M16/L16)*100,2) -> 19.03 | O16: =(#REF!/L16) -> #REF! | P16: 0.028 | Q16: =ROUND((P16*1000000/(24*3600)),2) -> 0.32 | R16: 0 | S16: 0 | T16: 0 | U16: =R16+S16 -> 0 | V16: 3.4 | W16: Sluice discharge = 0.00 MCM. All gates are closed | X16: 0 | Y16: =ROUND((S16*1000000/(24*3600)),2) -> 0
A17: 13 | B17: KALLARKUTTY | C17: IDK | D17: 456.59 | F17: 453.6 | G17: 456.9 | H17: 450.2 | K17: 455 | L17: 6.43 | M17: 4.57 | N17: =ROUND((M17/L17)*100,2) -> 71.07 | O17: =(#REF!/L17) -> #REF! | P17: 2.8662 | Q17: =ROUND((P17*1000000/(24*3600)),2) -> 33.17 | R17: 2.1834 | S17: 0 | T17: 0 | U17: =R17+S17 -> 2.1834 | V17: 36 | X17: 1.0199 | Y17: =(S17*1000000)/(24*60*60) -> 0 | Z17: =ROUND((0.054*1000000/(24*3600)),2) -> 0.63
A18: 14 | B18: ERATTAYAR | C18: IDK | D18: 754.38 | F18: 746.87 | G18: 754.38 | H18: 748.28 | K18: 748.28 | L18: 5.292 | M18: 0.6354 | N18: =ROUND((M18/L18)*100,2) -> 12.01 | Q18: =ROUND((P18*1000000/(24*3600)),2) -> 0 | S18: 0 | T18: 0 | U18: =R18+S18 -> 0 | V18: 0 | X18: 0
A19: 15 | B19: LOWER PERIYAR | C19: IDK | D19: 253 | F19: 252.2 | G19: 256 | H19: 237.74 | K19: 252 | L19: 4.55 | M19: 4.206 | N19: =ROUND((M19/L19)*100,2) -> 92.44 | O19: =(#REF!/L19) -> #REF! | P19: 5.6518 | Q19: =ROUND((P19*1000000/(24*3600)),2) -> 65.41 | R19: 3.9248 | S19: 0 | T19: 0 | U19: =R19+S19 -> 3.9248 | V19: 50 | X19: 1.807 | Y19: =ROUND((S19*1000000/(24*3600)),2) -> 0 | AA19: =ROUND((0.1728*1000000/(3*3600)),2) -> 16
A20: 16 | B20: MOOZHIYAR | C20: PTTA | D20: 192.63 | F20: 187.9 | G20: 192.94 | H20: 186.53 | K20: 190 | L20: 1.16 | M20: 0.559 | N20: =ROUND((M20/L20)*100,2) -> 48.19 | O20: =(#REF!/L20) -> #REF! | P20: 1.3554 | Q20: =ROUND((P20*1000000/(24*3600)),2) -> 15.69 | R20: 1.12502 | S20: 0 | T20: 0 | U20: =R20+S20 -> 1.12502 | V20: 44 | X20: 0.3461 | Y20: =ROUND((S20*1000000/(24*3600)),2) -> 0 | Z20: =ROUND((S20*1000000/(24*3600)),2) -> 0
A21: 17 | B21: KALLAR | C21: IDK | D21: 824.48 | F21: 820.3 | G21: 824.48 | H21: 818.38 | K21: 823.5 | L21: 0.763 | M21: 0.1949 | N21: =ROUND((M21/L21)*100,2) -> 25.54 | Q21: =ROUND((P21*1000000/(24*3600)),2) -> 0 | S21: 0 | T21: 0 | U21: =R21+S21 -> 0 | V21: 0 | X21: 0
A22: 18 | B22: SENGULAM | C22: IDK | D22: 847.64 | F22: 846.85 | G22: 849.49 | H22: 847.64 | L22: 0.39 | M22: 0.201 | N22: =ROUND((M22/L22)*100,2) -> 51.54 | O22: =(#REF!/L22) -> #REF! | P22: 1.2313 | Q22: =ROUND((P22*1000000/(24*3600)),2) -> 14.25 | R22: 1.148588 | S22: 0 | T22: 0 | U22: =R22+S22 -> 1.148588 | V22: 12.6 | X22: 0.9044
B23: Grand Total | L23: =SUM(L5:L22) -> 3547.554 | M23: =ROUND(SUM(M5:M22),2) -> 898.59 | N23: =ROUND((M23/L23)*100,2) -> 25.33 | O23: =(#REF!/L23) -> #REF!
B25: Spilling Dams : Nil | T25: Deputy Chief Engineer

Sheet 05.07.2026
A1: KERALA STATE ELECTRICITY BOARD LIMITED
A2: DAILY REPORT - WATER LEVELS OF MAJOR RESERVOIRS (As on 05.07.2026) 7.00 AM.
A3: Sl. No. | B3: Name of Reservoir | C3: District | D3: FRL (metre) | E3: Rule level (metre) | F3: Water level on date (metre) | G3: MWL (metre) | H3: Spillway Crest Level (metre) | I3: Blue Alert level (metre) | J3: Orange Alert level (metre) | K3: Red Alert Level (metre) | L3: Live Storage at FRL (MCM) | M3: Live Storage (MCM) | N3: % Storage | O3: % Storage wrt Live Storage at FRL | P3: Inflow (MCM) | Q3: Average Inflow (Cumecs) | R3: Power House Discharge (MCM) | S3: Spill (MCM) | T3: Current Spillway release (Cumecs) | U3: Total Outflow (MCM) | V3: Rain fall (mm) | W3: Remarks | X3: Generation (MU) | AA3: =0.224/8 -> 0.028
A4: 1 | B4: 2 | C4: 3 | D4: 4 | E4: 5 | F4: 6 | I4: 7 | J4: 8 | K4: 9 | M4: 10 | N4: 11 | O4: 15 | P4: 12 | Q4: 13 | R4: 14 | S4: 15 | T4: 16 | U4: 17=14+15 | V4: 18 | W4: 19
A5: 1 | B5: IDUKKI | C5: IDK | D5: 2403 | E5: 2375.33 | F5: 2323.82 | G5: 2408.5 ft | H5: 2373 ft | I5: =E5-8 -> 2367.33 | J5: =E5-2 -> 2373.33 | K5: =E5-1 -> 2374.33 | L5: 1459.49 | M5: 373.673 | N5: =ROUND((M5/L5)*100,2) -> 25.6 | O5: =(#REF!/L5) -> #REF! | P5: 14.542 | Q5: =ROUND((P5*1000000/(24*3600)),2) -> 168.31 | R5: 1994 | S5: 0 | T5: 0 | U5: =R5+S5 -> 1994 | V5: 18.2 | X5: 2.892
A6: 2 | B6: IDAMALAYAR | C6: EKM | D6: 169 | E6: 161.5 | F6: 140.15 | G6: 171 | H6: 161 | I6: =E6-1.5 -> 160 | J6: =E6-1 -> 160.5 | K6: =E6-0.5 -> 161 | L6: 1017.8 | M6: 311.933 | N6: =ROUND((M6/L6)*100,2) -> 30.65 | O6: =(#REF!/L6) -> #REF! | P6: 9.9964 | Q6: =ROUND((P6*1000000/(24*3600)),2) -> 115.7 | R6: 0.2209 | S6: 0 | T6: 0 | U6: =R6+S6 -> 0.2209 | V6: 12 | X6: 0.0532
A7: 3 | B7: KAKKI - ANATHODE | C7: PTTA | D7: 981.46 | E7: 975.36 | F7: 949.96 | G7: 982.16 | H7: 975.36 | I7: =E7-2 -> 973.36 | J7: =E7-1 -> 974.36 | K7: =E7-0.5 -> 974.86 | L7: 446.51 | M7: 110.78 | N7: =ROUND((M7/L7)*100,2) -> 24.81 | O7: =(#REF!/L7) -> #REF! | P7: 6.1109 | Q7: =ROUND((P7*1000000/(24*3600)),2) -> 70.73 | R7: 0.4609 | S7: 0 | T7: 0 | U7: =R7+S7 -> 0.4609 | V7: 44 | X7: 0.7434
A8: 4 | B8: BANASURASAGAR (K A S) | C8: WND | D8: 775.6 | E8: 771 | F8: 757.8 | G8: 775.6 | H8: 767 | I8: =E8-1.5 -> 769.5 | J8: =E8-1 -> 770 | K8: =E8-0.5 -> 770.5 | L8: 201 | M8: 30.75 | N8: =ROUND((M8/L8)*100,2) -> 15.3 | O8: =(#REF!/L8) -> #REF! | P8: 2.6 | Q8: =ROUND((P8*1000000/(24*3600)),2) -> 30.09 | S8: 0 | T8: 0 | U8: =R8+S8 -> 0 | V8: 55.6 | W8: Tunnel fully closed on 29.06.2026 at 11.15 am. Tunnel discharge- Nil | Z8: =0.16/8 -> 0.02
A9: 5 | B9: SHOLAYAR | C9: TSR | D9: 2663 | F9: 2595.2 | G9: 2663 ft | H9: 2642 ft | I9: 2658 | J9: 2660 | K9: 2661 | L9: 149.089 | M9: 24.56 | N9: =ROUND((M9/L9)*100,2) -> 16.47 | O9: =(#REF!/L9) -> #REF! | P9: 1.0251 | Q9: =ROUND((P9*1000000/(24*3600)),2) -> 11.86 | R9: 0 | S9: 0 | T9: 0 | U9: =R9+S9 -> 0 | V9: 19.1 | X9: 0
A10: 6 | B10: MADUPETTY | C10: IDK | D10: 1599.59 | F10: 1568.1 | G10: 1599.59 | H10: 1594.71 | I10: 1596 | J10: 1597 | K10: 1598 | L10: 54.77 | M10: 2.39 | N10: =ROUND((M10/L10)*100,2) -> 4.36 | O10: =(#REF!/L10) -> #REF! | P10: 0.35 | Q10: =ROUND((P10*1000000/(24*3600)),2) -> 4.05 | R10: 0 | S10: 0 | T10: =Y10 -> 0 | U10: =R10+S10 -> 0 | V10: 17 | W10: Sluice discharge =0.00 MCM | X10: 0 | Y10: =(S10*1000000)/(24*60*60) -> 0
A11: 7 | B11: ANAYIRANKAL | C11: IDK | D11: 1207.02 | F11: 1195.2 | G11: 1210.07 | H11: 1207.02 | I11: 1205.02 | J11: 1206.02 | K11: 1207.02 | L11: 49.83 | M11: 10.3818 | N11: =ROUND((M11/L11)*100,2) -> 20.83 | O11: =(#REF!/L11) -> #REF! | P11: 0.1041 | Q11: =ROUND((P11*1000000/(24*3600)),2) -> 1.2 | S11: 0 | T11: 0 | U11: =R11+S11 -> 0 | V11: 5 | W11: (Sluice gate fully closed @ 4.00 pm on 05.06.2026) | X11: 0 | Y11: =ROUND((S11*1000000/(24*3600)),2) -> 0
A12: 8 | B12: PONMUDI | C12: IDK | D12: 707.75 | F12: 692.7 | G12: 708.66 | H12: 701.35 | I12: 704.5 | J12: 705.5 | K12: 706.5 | L12: 47.4 | M12: 18.2359 | N12: =ROUND((M12/L12)*100,2) -> 38.47 | O12: =(#REF!/L12) -> #REF! | P12: 0.8685 | Q12: =ROUND((P12*1000000/(24*3600)),2) -> 10.05 | R12: 0 | S12: 0 | T12: 0 | U12: =R12+S12 -> 0 | V12: 14 | X12: 0 | Y12: =ROUND((S12*1000000/(24*3600)),2) -> 0
A13: 9 | B13: KUTTIYADI (KAKKAYAM) | C13: KKD | D13: 758.04 | F13: 750.11 | G13: 758.04 | H13: 751.64 | I13: 755.5 | J13: 756.5 | K13: 757.5 | L13: 33.98 | M13: 16.013 | N13: =ROUND((M13/L13)*100,2) -> 47.12 | O13: =(#REF!/L13) -> #REF! | P13: 1.6274 | Q13: =ROUND((P13*1000000/(24*3600)),2) -> 18.84 | R13: 2.8474 | S13: 0 | T13: 0 | U13: =R13+S13 -> 2.8474 | V13: 31 | X13: 4.0229
A14: 10 | B14: PAMBA | C14: PTTA | D14: 986.33 | F14: 966.75 | G14: 986.33 | H14: 981.46 | I14: 982 | J14: 983.5 | K14: 984.5 | L14: 31.15 | M14: 2.93 | N14: =ROUND((M14/L14)*100,2) -> 9.41 | O14: =(#REF!/L14) -> #REF! | P14: 4.656 | Q14: =ROUND((P14*1000000/(24*3600)),2) -> 53.89 | S14: 0 | T14: 0 | U14: =R14+S14 -> 0 | V14: 36 | X14: 0
A15: 11 | B15: PORINGALKUTHU | C15: TSR | D15: 423.98 | F15: 419.5 | G15: 423.98 | H15: 419.41 | I15: 421 | J15: 422 | K15: 423 | L15: 30.3 | M15: 18.5 | N15: =ROUND((M15/L15)*100,2) -> 61.06 | O15: =(#REF!/L15) -> #REF! | P15: 6.7412 | Q15: =ROUND((P15*1000000/(24*3600)),2) -> 78.02 | R15: 4.7486 | S15: 0 | T15: 0 | U15: =R15+S15 -> 4.7486 | V15: 15 | X15: 1.86564 | AB15: =0.0294/8 -> 0.003675
A16: 12 | B16: KUNDALA | C16: IDK | D16: 1758.69 | F16: 1746.8 | G16: 1759.3 | I16: 1755 | J16: 1756 | K16: 1757 | L16: 7.65 | M16: 1.484 | N16: =ROUND((M16/L16)*100,2) -> 19.4 | O16: =(#REF!/L16) -> #REF! | P16: 0.028 | Q16: =ROUND((P16*1000000/(24*3600)),2) -> 0.32 | R16: 0 | S16: 0 | T16: 0 | U16: =R16+S16 -> 0 | V16: 3 | W16: Sluice discharge = 0.00 MCM. All gates are closed | X16: 0 | Y16: =ROUND((S16*1000000/(24*3600)),2) -> 0
A17: 13 | B17: KALLARKUTTY | C17: IDK | D17: 456.59 | F17: 454.35 | G17: 456.9 | H17: 450.2 | K17: 455 | L17: 6.43 | M17: 5.046 | N17: =ROUND((M17/L17)*100,2) -> 78.48 | O17: =(#REF!/L17) -> #REF! | P17: 3.8011 | Q17: =ROUND((P17*1000000/(24*3600)),2) -> 43.99 | R17: 1.5595 | S17: 0 | T17: 0 | U17: =R17+S17 -> 1.5595 | V17: 23 | X17: 3.325333 | Y17: =(S17*1000000)/(24*60*60) -> 0 | Z17: =ROUND((0.054*1000000/(24*3600)),2) -> 0.63
A18: 14 | B18: ERATTAYAR | C18: IDK | D18: 754.38 | F18: 746.8 | G18: 754.38 | H18: 748.28 | K18: 748.28 | L18: 5.292 | M18: 0.6741 | N18: =ROUND((M18/L18)*100,2) -> 12.74 | Q18: =ROUND((P18*1000000/(24*3600)),2) -> 0 | S18: 0 | T18: 0 | U18: =R18+S18 -> 0 | V18: 0 | X18: 0
A19: 15 | B19: LOWER PERIYAR | C19: IDK | D19: 253 | F19: 251.9 | G19: 256 | H19: 237.74 | K19: 252 | L19: 4.55 | M19: 4.078 | N19: =ROUND((M19/L19)*100,2) -> 89.63 | O19: =(#REF!/L19) -> #REF! | P19: 6.0361 | Q19: =ROUND((P19*1000000/(24*3600)),2) -> 69.86 | R19: 6.1641 | S19: 0 | T19: 0 | U19: =R19+S19 -> 6.1641 | V19: 22 | X19: 2.838 | Y19: =ROUND((S19*1000000/(24*3600)),2) -> 0 | AA19: =ROUND((0.1728*1000000/(3*3600)),2) -> 16
A20: 16 | B20: MOOZHIYAR | C20: PTTA | D20: 192.63 | F20: 185.6 | G20: 192.94 | H20: 186.53 | K20: 190 | L20: 1.16 | M20: 0.327 | N20: =ROUND((M20/L20)*100,2) -> 28.19 | O20: =(#REF!/L20) -> #REF! | P20: 1.4224 | Q20: =ROUND((P20*1000000/(24*3600)),2) -> 16.46 | R20: 1.4245 | S20: 0 | T20: 0 | U20: =R20+S20 -> 1.4245 | V20: 25 | X20: 0.43831 | Y20: =ROUND((S20*1000000/(24*3600)),2) -> 0 | Z20: =ROUND((S20*1000000/(24*3600)),2) -> 0
A21: 17 | B21: KALLAR | C21: IDK | D21: 824.48 | F21: 820.3 | G21: 824.48 | H21: 818.38 | K21: 823.5 | L21: 0.763 | M21: 0.1949 | N21: =ROUND((M21/L21)*100,2) -> 25.54 | Q21: =ROUND((P21*1000000/(24*3600)),2) -> 0 | S21: 0 | T21: 0 | U21: =R21+S21 -> 0 | V21: 0 | X21: 0
A22: 18 | B22: SENGULAM | C22: IDK | D22: 847.64 | F22: 846.8 | G22: 849.49 | H22: 847.64 | L22: 0.39 | M22: 0.189 | N22: =ROUND((M22/L22)*100,2) -> 48.46 | O22: =(#REF!/L22) -> #REF! | P22: 1.1367 | Q22: =ROUND((P22*1000000/(24*3600)),2) -> 13.16 | R22: 1.148567 | S22: 0 | T22: 0 | U22: =R22+S22 -> 1.148567 | V22: 3.9 | X22: 0.62
B23: Grand Total | L23: =SUM(L5:L22) -> 3547.554 | M23: =ROUND(SUM(M5:M22),2) -> 932.14 | N23: =ROUND((M23/L23)*100,2) -> 26.28 | O23: =(#REF!/L23) -> #REF!
B25: Spilling Dams : Nil | T25: Deputy Chief Engineer

Sheet 06.07.2026
A1: KERALA STATE ELECTRICITY BOARD LIMITED
A2: DAILY REPORT - WATER LEVELS OF MAJOR RESERVOIRS (As on 06.07.2026) 7.00 AM.
A3: Sl. No. | B3: Name of Reservoir | C3: District | D3: FRL (metre) | E3: Rule level (metre) | F3: Water level on date (metre) | G3: MWL (metre) | H3: Spillway Crest Level (metre) | I3: Blue Alert level (metre) | J3: Orange Alert level (metre) | K3: Red Alert Level (metre) | L3: Live Storage at FRL (MCM) | M3: Live Storage (MCM) | N3: % Storage | O3: % Storage wrt Live Storage at FRL | P3: Inflow (MCM) | Q3: Average Inflow (Cumecs) | R3: Power House Discharge (MCM) | S3: Spill (MCM) | T3: Current Spillway release (Cumecs) | U3: Total Outflow (MCM) | V3: Rain fall (mm) | W3: Remarks | X3: Generation (MU) | AA3: =0.224/8 -> 0.028
A4: 1 | B4: 2 | C4: 3 | D4: 4 | E4: 5 | F4: 6 | I4: 7 | J4: 8 | K4: 9 | M4: 10 | N4: 11 | O4: 15 | P4: 12 | Q4: 13 | R4: 14 | S4: 15 | T4: 16 | U4: 17=14+15 | V4: 18 | W4: 19
A5: 1 | B5: IDUKKI | C5: IDK | D5: 2403 | E5: 2375.33 | F5: 2324.56 | G5: 2408.5 ft | H5: 2373 ft | I5: =E5-8 -> 2367.33 | J5: =E5-2 -> 2373.33 | K5: =E5-1 -> 2374.33 | L5: 1459.49 | M5: 381.573 | N5: =ROUND((M5/L5)*100,2) -> 26.14 | O5: =(#REF!/L5) -> #REF! | P5: 8.588 | Q5: =ROUND((P5*1000000/(24*3600)),2) -> 99.4 | R5: 0.5335 | S5: 0 | T5: 0 | U5: =R5+S5 -> 0.5335 | V5: 0.8 | X5: 0.774
A6: 2 | B6: IDAMALAYAR | C6: EKM | D6: 169 | E6: 161.5 | F6: 140.44 | G6: 171 | H6: 161 | I6: =E6-1.5 -> 160 | J6: =E6-1 -> 160.5 | K6: =E6-0.5 -> 161 | L6: 1017.8 | M6: 317.602 | N6: =ROUND((M6/L6)*100,2) -> 31.2 | O6: =(#REF!/L6) -> #REF! | P6: 5.6828 | Q6: =ROUND((P6*1000000/(24*3600)),2) -> 65.77 | R6: 0 | S6: 0 | T6: 0 | U6: =R6+S6 -> 0 | V6: 2 | X6: 0
A7: 3 | B7: KAKKI - ANATHODE | C7: PTTA | D7: 981.46 | E7: 975.36 | F7: 950.78 | G7: 982.16 | H7: 975.36 | I7: =E7-2 -> 973.36 | J7: =E7-1 -> 974.36 | K7: =E7-0.5 -> 974.86 | L7: 446.51 | M7: 115.5 | N7: =ROUND((M7/L7)*100,2) -> 25.87 | O7: =(#REF!/L7) -> #REF! | P7: 4.734 | Q7: =ROUND((P7*1000000/(24*3600)),2) -> 54.79 | R7: 0.014 | S7: 0 | T7: 0 | U7: =R7+S7 -> 0.014 | V7: 0 | X7: 0.0225
A8: 4 | B8: BANASURASAGAR (K A S) | C8: WND | D8: 775.6 | E8: 771 | F8: 758 | G8: 775.6 | H8: 767 | I8: =E8-1.5 -> 769.5 | J8: =E8-1 -> 770 | K8: =E8-0.5 -> 770.5 | L8: 201 | M8: 31.85 | N8: =ROUND((M8/L8)*100,2) -> 15.85 | O8: =(#REF!/L8) -> #REF! | P8: 1.1 | Q8: =ROUND((P8*1000000/(24*3600)),2) -> 12.73 | S8: 0 | T8: 0 | U8: =R8+S8 -> 0 | V8: 13.6 | W8: Tunnel fully closed on 29.06.2026 at 11.15 am. Tunnel discharge- Nil | Z8: =0.16/8 -> 0.02
A9: 5 | B9: SHOLAYAR | C9: TSR | D9: 2663 | F9: 2596.3 | G9: 2663 ft | H9: 2642 ft | I9: 2658 | J9: 2660 | K9: 2661 | L9: 149.089 | M9: 25.72 | N9: =ROUND((M9/L9)*100,2) -> 17.25 | O9: =(#REF!/L9) -> #REF! | P9: 1.161 | Q9: =ROUND((P9*1000000/(24*3600)),2) -> 13.44 | R9: 0 | S9: 0 | T9: 0 | U9: =R9+S9 -> 0 | V9: 10.4 | X9: 0
A10: 6 | B10: MADUPETTY | C10: IDK | D10: 1599.59 | F10: 1568.4 | G10: 1599.59 | H10: 1594.71 | I10: 1596 | J10: 1597 | K10: 1598 | L10: 54.77 | M10: 2.69 | N10: =ROUND((M10/L10)*100,2) -> 4.91 | O10: =(#REF!/L10) -> #REF! | P10: 0.3 | Q10: =ROUND((P10*1000000/(24*3600)),2) -> 3.47 | R10: 0 | S10: 0 | T10: =Y10 -> 0 | U10: =R10+S10 -> 0 | V10: 1 | W10: Sluice discharge =0.00 MCM | X10: 0 | Y10: =(S10*1000000)/(24*60*60) -> 0
A11: 7 | B11: ANAYIRANKAL | C11: IDK | D11: 1207.02 | F11: 1195.26 | G11: 1210.07 | H11: 1207.02 | I11: 1205.02 | J11: 1206.02 | K11: 1207.02 | L11: 49.83 | M11: 10.4858 | N11: =ROUND((M11/L11)*100,2) -> 21.04 | O11: =(#REF!/L11) -> #REF! | P11: 0.104 | Q11: =ROUND((P11*1000000/(24*3600)),2) -> 1.2 | S11: 0 | T11: 0 | U11: =R11+S11 -> 0 | V11: 0 | W11: (Sluice gate fully closed @ 4.00 pm on 05.06.2026) | X11: 0 | Y11: =ROUND((S11*1000000/(24*3600)),2) -> 0
A12: 8 | B12: PONMUDI | C12: IDK | D12: 707.75 | F12: 693 | G12: 708.66 | H12: 701.35 | I12: 704.5 | J12: 705.5 | K12: 706.5 | L12: 47.4 | M12: 18.7095 | N12: =ROUND((M12/L12)*100,2) -> 39.47 | O12: =(#REF!/L12) -> #REF! | P12: 0.4736 | Q12: =ROUND((P12*1000000/(24*3600)),2) -> 5.48 | R12: 0 | S12: 0 | T12: 0 | U12: =R12+S12 -> 0 | V12: 4 | X12: 0 | Y12: =ROUND((S12*1000000/(24*3600)),2) -> 0
A13: 9 | B13: KUTTIYADI (KAKKAYAM) | C13: KKD | D13: 758.04 | F13: 749.44 | G13: 758.04 | H13: 751.64 | I13: 755.5 | J13: 756.5 | K13: 757.5 | L13: 33.98 | M13: 14.6732 | N13: =ROUND((M13/L13)*100,2) -> 43.18 | O13: =(#REF!/L13) -> #REF! | P13: 1.265 | Q13: =ROUND((P13*1000000/(24*3600)),2) -> 14.64 | R13: 2.6048 | S13: 0 | T13: 0 | U13: =R13+S13 -> 2.6048 | V13: 11 | X13: 3.6828
A14: 10 | B14: PAMBA | C14: PTTA | D14: 986.33 | F14: 966.45 | G14: 986.33 | H14: 981.46 | I14: 982 | J14: 983.5 | K14: 984.5 | L14: 31.15 | M14: 2.63 | N14: =ROUND((M14/L14)*100,2) -> 8.44 | O14: =(#REF!/L14) -> #REF! | P14: 3.743 | Q14: =ROUND((P14*1000000/(24*3600)),2) -> 43.32 | S14: 0 | T14: 0 | U14: =R14+S14 -> 0 | V14: 0 | X14: 0
A15: 11 | B15: PORINGALKUTHU | C15: TSR | D15: 423.98 | F15: 418.8 | G15: 423.98 | H15: 419.41 | I15: 421 | J15: 422 | K15: 423 | L15: 30.3 | M15: 16.82 | N15: =ROUND((M15/L15)*100,2) -> 55.51 | O15: =(#REF!/L15) -> #REF! | P15: 6.31315 | Q15: =ROUND((P15*1000000/(24*3600)),2) -> 73.07 | R15: 4.7737 | S15: 0 | T15: 0 | U15: =R15+S15 -> 4.7737 | V15: 14.6 | X15: 1.87603 | AB15: =0.0294/8 -> 0.003675
A16: 12 | B16: KUNDALA | C16: IDK | D16: 1758.69 | F16: 1746.95 | G16: 1759.3 | I16: 1755 | J16: 1756 | K16: 1757 | L16: 7.65 | M16: 1.526 | N16: =ROUND((M16/L16)*100,2) -> 19.95 | O16: =(#REF!/L16) -> #REF! | P16: 0.042 | Q16: =ROUND((P16*1000000/(24*3600)),2) -> 0.49 | R16: 0 | S16: 0 | T16: 0 | U16: =R16+S16 -> 0 | V16: 1.6 | W16: Sluice discharge = 0.00 MCM. All gates are closed | X16: 0 | Y16: =ROUND((S16*1000000/(24*3600)),2) -> 0
A17: 13 | B17: KALLARKUTTY | C17: IDK | D17: 456.59 | F17: 452.65 | G17: 456.9 | H17: 450.2 | K17: 455 | L17: 6.43 | M17: 4.04 | N17: =ROUND((M17/L17)*100,2) -> 62.83 | O17: =(#REF!/L17) -> #REF! | P17: 2.1998 | Q17: =ROUND((P17*1000000/(24*3600)),2) -> 25.46 | R17: 3.2052 | S17: 0 | T17: 0 | U17: =R17+S17 -> 3.2052 | V17: 12 | X17: 1.502 | Y17: =(S17*1000000)/(24*60*60) -> 0 | Z17: =ROUND((0.054*1000000/(24*3600)),2) -> 0.63
A18: 14 | B18: ERATTAYAR | C18: IDK | D18: 754.38 | F18: 747 | G18: 754.38 | H18: 748.28 | K18: 748.28 | L18: 5.292 | M18: 0.7129 | N18: =ROUND((M18/L18)*100,2) -> 13.47 | Q18: =ROUND((P18*1000000/(24*3600)),2) -> 0 | S18: 0 | T18: 0 | U18: =R18+S18 -> 0 | V18: 0 | X18: 0
A19: 15 | B19: LOWER PERIYAR | C19: IDK | D19: 253 | F19: 250.1 | G19: 256 | H19: 237.74 | K19: 252 | L19: 4.55 | M19: 3.331 | N19: =ROUND((M19/L19)*100,2) -> 73.21 | O19: =(#REF!/L19) -> #REF! | P19: 5.428 | Q19: =ROUND((P19*1000000/(24*3600)),2) -> 62.82 | R19: 6.175 | S19: 0 | T19: 0 | U19: =R19+S19 -> 6.175 | V19: 11 | X19: 2.843 | Y19: =ROUND((S19*1000000/(24*3600)),2) -> 0 | AA19: =ROUND((0.1728*1000000/(3*3600)),2) -> 16
A20: 16 | B20: MOOZHIYAR | C20: PTTA | D20: 192.63 | F20: 188.3 | G20: 192.94 | H20: 186.53 | K20: 190 | L20: 1.16 | M20: 0.601 | N20: =ROUND((M20/L20)*100,2) -> 51.81 | O20: =(#REF!/L20) -> #REF! | P20: 1.0622 | Q20: =ROUND((P20*1000000/(24*3600)),2) -> 12.29 | R20: 0.9331 | S20: 0 | T20: 0 | U20: =R20+S20 -> 0.9331 | V20: 0 | X20: 0.28712 | Y20: =ROUND((S20*1000000/(24*3600)),2) -> 0 | Z20: =ROUND((S20*1000000/(24*3600)),2) -> 0
A21: 17 | B21: KALLAR | C21: IDK | D21: 824.48 | F21: 820.3 | G21: 824.48 | H21: 818.38 | K21: 823.5 | L21: 0.763 | M21: 0.1949 | N21: =ROUND((M21/L21)*100,2) -> 25.54 | Q21: =ROUND((P21*1000000/(24*3600)),2) -> 0 | S21: 0 | T21: 0 | U21: =R21+S21 -> 0 | V21: 0 | X21: 0
A22: 18 | B22: SENGULAM | C22: IDK | D22: 847.64 | F22: 846.6 | G22: 849.49 | H22: 847.64 | L22: 0.39 | M22: 0.142 | N22: =ROUND((M22/L22)*100,2) -> 36.41 | O22: =(#REF!/L22) -> #REF! | P22: 1.1456 | Q22: =ROUND((P22*1000000/(24*3600)),2) -> 13.26 | R22: 1.192911 | S22: 0 | T22: 0 | U22: =R22+S22 -> 1.192911 | V22: 2.3 | X22: 0.9393
B23: Grand Total | L23: =SUM(L5:L22) -> 3547.554 | M23: =ROUND(SUM(M5:M22),2) -> 948.8 | N23: =ROUND((M23/L23)*100,2) -> 26.75 | O23: =(#REF!/L23) -> #REF!
B25: Spilling Dams : Nil | T25: Deputy Chief Engineer

Sheet 07.07.2026
A1: KERALA STATE ELECTRICITY BOARD LIMITED
A2: DAILY REPORT - WATER LEVELS OF MAJOR RESERVOIRS (As on 07.07.2026) 7.00 AM.
A3: Sl. No. | B3: Name of Reservoir | C3: District | D3: FRL (metre) | E3: Rule level (metre) | F3: Water level on date (metre) | G3: MWL (metre) | H3: Spillway Crest Level (metre) | I3: Blue Alert level (metre) | J3: Orange Alert level (metre) | K3: Red Alert Level (metre) | L3: Live Storage at FRL (MCM) | M3: Live Storage (MCM) | N3: % Storage | O3: % Storage wrt Live Storage at FRL | P3: Inflow (MCM) | Q3: Average Inflow (Cumecs) | R3: Power House Discharge (MCM) | S3: Spill (MCM) | T3: Current Spillway release (Cumecs) | U3: Total Outflow (MCM) | V3: Rain fall (mm) | W3: Remarks | X3: Generation (MU) | AA3: =0.224/8 -> 0.028
A4: 1 | B4: 2 | C4: 3 | D4: 4 | E4: 5 | F4: 6 | I4: 7 | J4: 8 | K4: 9 | M4: 10 | N4: 11 | O4: 15 | P4: 12 | Q4: 13 | R4: 14 | S4: 15 | T4: 16 | U4: 17=14+15 | V4: 18 | W4: 19
A5: 1 | B5: IDUKKI | C5: IDK | D5: 2403 | E5: 2375.33 | F5: 2324.9 | G5: 2408.5 ft | H5: 2373 ft | I5: =E5-8 -> 2367.33 | J5: =E5-2 -> 2373.33 | K5: =E5-1 -> 2374.33 | L5: 1459.49 | M5: 385.202 | N5: =ROUND((M5/L5)*100,2) -> 26.39 | O5: =(#REF!/L5) -> #REF! | P5: 6.122 | Q5: =ROUND((P5*1000000/(24*3600)),2) -> 70.86 | R5: 2.3375 | S5: 0 | T5: 0 | U5: =R5+S5 -> 2.3375 | V5: 7.6 | X5: 3.392
A6: 2 | B6: IDAMALAYAR | C6: EKM | D6: 169 | E6: 161.5 | F6: 140.67 | G6: 171 | H6: 161 | I6: =E6-1.5 -> 160 | J6: =E6-1 -> 160.5 | K6: =E6-0.5 -> 161 | L6: 1017.8 | M6: 322.098 | N6: =ROUND((M6/L6)*100,2) -> 31.65 | O6: =(#REF!/L6) -> #REF! | P6: 4.79 | Q6: =ROUND((P6*1000000/(24*3600)),2) -> 55.44 | R6: 0.2648 | S6: 0 | T6: 0 | U6: =R6+S6 -> 0.2648 | V6: 14.2 | X6: 0.0641
A7: 3 | B7: KAKKI - ANATHODE | C7: PTTA | D7: 981.46 | E7: 975.36 | F7: 951.27 | G7: 982.16 | H7: 975.36 | I7: =E7-2 -> 973.36 | J7: =E7-1 -> 974.36 | K7: =E7-0.5 -> 974.86 | L7: 446.51 | M7: 118.42 | N7: =ROUND((M7/L7)*100,2) -> 26.52 | O7: =(#REF!/L7) -> #REF! | P7: 3.4315 | Q7: =ROUND((P7*1000000/(24*3600)),2) -> 39.72 | R7: 0.5115 | S7: 0 | T7: 0 | U7: =R7+S7 -> 0.5115 | V7: 4 | X7: 0.825
A8: 4 | B8: BANASURASAGAR (K A S) | C8: WND | D8: 775.6 | E8: 771 | F8: 758.7 | G8: 775.6 | H8: 767 | I8: =E8-1.5 -> 769.5 | J8: =E8-1 -> 770 | K8: =E8-0.5 -> 770.5 | L8: 201 | M8: 36.35 | N8: =ROUND((M8/L8)*100,2) -> 18.08 | O8: =(#REF!/L8) -> #REF! | P8: 4.5 | Q8: =ROUND((P8*1000000/(24*3600)),2) -> 52.08 | S8: 0 | T8: 0 | U8: =R8+S8 -> 0 | V8: 118.6 | W8: Tunnel fully closed on 29.06.'26 at 11.15 am. Tunnel discharge- Nil | Z8: =0.16/8 -> 0.02
A9: 5 | B9: SHOLAYAR | C9: TSR | D9: 2663 | F9: 2597.6 | G9: 2663 ft | H9: 2642 ft | I9: 2658 | J9: 2660 | K9: 2661 | L9: 149.089 | M9: 27.16 | N9: =ROUND((M9/L9)*100,2) -> 18.22 | O9: =(#REF!/L9) -> #REF! | P9: 1.5562 | Q9: =ROUND((P9*1000000/(24*3600)),2) -> 18.01 | R9: 0.1233 | S9: 0 | T9: 0 | U9: =R9+S9 -> 0.1233 | V9: 13 | X9: 0.0784
A10: 6 | B10: MADUPETTY | C10: IDK | D10: 1599.59 | F10: 1568.55 | G10: 1599.59 | H10: 1594.71 | I10: 1596 | J10: 1597 | K10: 1598 | L10: 54.77 | M10: 2.84 | N10: =ROUND((M10/L10)*100,2) -> 5.19 | O10: =(#REF!/L10) -> #REF! | P10: 0.15 | Q10: =ROUND((P10*1000000/(24*3600)),2) -> 1.74 | R10: 0 | S10: 0 | T10: =Y10 -> 0 | U10: =R10+S10 -> 0 | V10: 1.6 | W10: Sluice discharge =0.00 MCM | X10: 0 | Y10: =(S10*1000000)/(24*60*60) -> 0
A11: 7 | B11: ANAYIRANKAL | C11: IDK | D11: 1207.02 | F11: 1195.29 | G11: 1210.07 | H11: 1207.02 | I11: 1205.02 | J11: 1206.02 | K11: 1207.02 | L11: 49.83 | M11: 10.5379 | N11: =ROUND((M11/L11)*100,2) -> 21.15 | O11: =(#REF!/L11) -> #REF! | P11: 0.0521 | Q11: =ROUND((P11*1000000/(24*3600)),2) -> 0.6 | S11: 0 | T11: 0 | U11: =R11+S11 -> 0 | V11: 0 | W11: (Sluice gate fully closed @ 4.00 pm on 05.06.'26) | X11: 0 | Y11: =ROUND((S11*1000000/(24*3600)),2) -> 0
A12: 8 | B12: PONMUDI | C12: IDK | D12: 707.75 | F12: 693.3 | G12: 708.66 | H12: 701.35 | I12: 704.5 | J12: 705.5 | K12: 706.5 | L12: 47.4 | M12: 19.1832 | N12: =ROUND((M12/L12)*100,2) -> 40.47 | O12: =(#REF!/L12) -> #REF! | P12: 0.517 | Q12: =ROUND((P12*1000000/(24*3600)),2) -> 5.98 | R12: 0.04334 | S12: 0 | T12: 0 | U12: =R12+S12 -> 0.04334 | V12: 6 | X12: 0.0178 | Y12: =ROUND((S12*1000000/(24*3600)),2) -> 0
A13: 9 | B13: KUTTIYADI (KAKKAYAM) | C13: KKD | D13: 758.04 | F13: 750.23 | G13: 758.04 | H13: 751.64 | I13: 755.5 | J13: 756.5 | K13: 757.5 | L13: 33.98 | M13: 16.257 | N13: =ROUND((M13/L13)*100,2) -> 47.84 | O13: =(#REF!/L13) -> #REF! | P13: 2.8694 | Q13: =ROUND((P13*1000000/(24*3600)),2) -> 33.21 | R13: 1.2856 | S13: 0 | T13: 0 | U13: =R13+S13 -> 1.2856 | V13: 150 | X13: 1.816
A14: 10 | B14: PAMBA | C14: PTTA | D14: 986.33 | F14: 966 | G14: 986.33 | H14: 981.46 | I14: 982 | J14: 983.5 | K14: 984.5 | L14: 31.15 | M14: 2.21 | N14: =ROUND((M14/L14)*100,2) -> 7.09 | O14: =(#REF!/L14) -> #REF! | P14: 3.305 | Q14: =ROUND((P14*1000000/(24*3600)),2) -> 38.25 | S14: 0 | T14: 0 | U14: =R14+S14 -> 0 | V14: 19 | X14: 0
A15: 11 | B15: PORINGALKUTHU | C15: TSR | D15: 423.98 | F15: 417.7 | G15: 423.98 | H15: 419.41 | I15: 421 | J15: 422 | K15: 423 | L15: 30.3 | M15: 14.5 | N15: =ROUND((M15/L15)*100,2) -> 47.85 | O15: =(#REF!/L15) -> #REF! | P15: 2.3695 | Q15: =ROUND((P15*1000000/(24*3600)),2) -> 27.42 | R15: 4.6895 | S15: 0 | T15: 0 | U15: =R15+S15 -> 4.6895 | V15: 25 | W15: Spillway gates are kept at crest level, +419.40m | X15: 1.84116 | AB15: =0.0294/8 -> 0.003675
A16: 12 | B16: KUNDALA | C16: IDK | D16: 1758.69 | F16: 1747.05 | G16: 1759.3 | I16: 1755 | J16: 1756 | K16: 1757 | L16: 7.65 | M16: 1.566 | N16: =ROUND((M16/L16)*100,2) -> 20.47 | O16: =(#REF!/L16) -> #REF! | P16: 0.04 | Q16: =ROUND((P16*1000000/(24*3600)),2) -> 0.46 | R16: 0 | S16: 0 | T16: 0 | U16: =R16+S16 -> 0 | V16: 0 | W16: Sluice discharge = 0.00 MCM. All gates are closed | X16: 0 | Y16: =ROUND((S16*1000000/(24*3600)),2) -> 0
A17: 13 | B17: KALLARKUTTY | C17: IDK | D17: 456.59 | F17: 454.35 | G17: 456.9 | H17: 450.2 | K17: 455 | L17: 6.43 | M17: 5.046 | N17: =ROUND((M17/L17)*100,2) -> 78.48 | O17: =(#REF!/L17) -> #REF! | P17: 2.9438 | Q17: =ROUND((P17*1000000/(24*3600)),2) -> 34.07 | R17: 1.9384 | S17: 0 | T17: 0 | U17: =R17+S17 -> 1.9384 | V17: 5 | X17: 0.9084 | Y17: =(S17*1000000)/(24*60*60) -> 0 | Z17: =ROUND((0.054*1000000/(24*3600)),2) -> 0.63
A18: 14 | B18: ERATTAYAR | C18: IDK | D18: 754.38 | F18: 747 | G18: 754.38 | H18: 748.28 | K18: 748.28 | L18: 5.292 | M18: 0.7129 | N18: =ROUND((M18/L18)*100,2) -> 13.47 | Q18: =ROUND((P18*1000000/(24*3600)),2) -> 0 | S18: 0 | T18: 0 | U18: =R18+S18 -> 0 | V18: 0 | X18: 0
A19: 15 | B19: LOWER PERIYAR | C19: IDK | D19: 253 | F19: 250 | G19: 256 | H19: 237.74 | K19: 252 | L19: 4.55 | M19: 3.29 | N19: =ROUND((M19/L19)*100,2) -> 72.31 | O19: =(#REF!/L19) -> #REF! | P19: 4.7288 | Q19: =ROUND((P19*1000000/(24*3600)),2) -> 54.73 | R19: 3.9878 | S19: 0 | T19: 0 | U19: =R19+S19 -> 3.9878 | V19: 9 | X19: 1.836 | Y19: =ROUND((S19*1000000/(24*3600)),2) -> 0 | AA19: =ROUND((0.1728*1000000/(3*3600)),2) -> 16
A20: 16 | B20: MOOZHIYAR | C20: PTTA | D20: 192.63 | F20: 185.3 | G20: 192.94 | H20: 186.53 | K20: 190 | L20: 1.16 | M20: 0.308 | N20: =ROUND((M20/L20)*100,2) -> 26.55 | O20: =(#REF!/L20) -> #REF! | P20: 1.0559 | Q20: =ROUND((P20*1000000/(24*3600)),2) -> 12.22 | R20: 0.79066 | S20: 0 | T20: 0 | U20: =R20+S20 -> 0.79066 | V20: 4 | X20: 0.24328 | Y20: =ROUND((S20*1000000/(24*3600)),2) -> 0 | Z20: =ROUND((S20*1000000/(24*3600)),2) -> 0
A21: 17 | B21: KALLAR | C21: IDK | D21: 824.48 | F21: 820.3 | G21: 824.48 | H21: 818.38 | K21: 823.5 | L21: 0.763 | M21: 0.1949 | N21: =ROUND((M21/L21)*100,2) -> 25.54 | Q21: =ROUND((P21*1000000/(24*3600)),2) -> 0 | S21: 0 | T21: 0 | U21: =R21+S21 -> 0 | V21: 0 | X21: 0
A22: 18 | B22: SENGULAM | C22: IDK | D22: 847.64 | F22: 846.6 | G22: 849.49 | H22: 847.64 | L22: 0.39 | M22: 0.142 | N22: =ROUND((M22/L22)*100,2) -> 36.41 | O22: =(#REF!/L22) -> #REF! | P22: 0.9436 | Q22: =ROUND((P22*1000000/(24*3600)),2) -> 10.92 | R22: 0.94361 | S22: 0 | T22: 0 | U22: =R22+S22 -> 0.94361 | V22: 0 | X22: 0.743
B23: Grand Total | L23: =SUM(L5:L22) -> 3547.554 | M23: =ROUND(SUM(M5:M22),2) -> 966.02 | N23: =ROUND((M23/L23)*100,2) -> 27.23 | O23: =(#REF!/L23) -> #REF!
B25: Spilling Dams : Nil | T25: Deputy Chief Engineer

Sheet 08.07.2026
A1: KERALA STATE ELECTRICITY BOARD LIMITED
A2: DAILY REPORT - WATER LEVELS OF MAJOR RESERVOIRS (As on 08.07.2026) 7.00 AM.
A3: Sl. No. | B3: Name of Reservoir | C3: District | D3: FRL (metre) | E3: Rule level (metre) | F3: Water level on date (metre) | G3: MWL (metre) | H3: Spillway Crest Level (metre) | I3: Blue Alert level (metre) | J3: Orange Alert level (metre) | K3: Red Alert Level (metre) | L3: Live Storage at FRL (MCM) | M3: Live Storage (MCM) | N3: % Storage | O3: % Storage wrt Live Storage at FRL | P3: Inflow (MCM) | Q3: Average Inflow (Cumecs) | R3: Power House Discharge (MCM) | S3: Spill (MCM) | T3: Current Spillway release (Cumecs) | U3: Total Outflow (MCM) | V3: Rain fall (mm) | W3: Remarks | X3: Generation (MU) | AA3: =0.224/8 -> 0.028
A4: 1 | B4: 2 | C4: 3 | D4: 4 | E4: 5 | F4: 6 | I4: 7 | J4: 8 | K4: 9 | M4: 10 | N4: 11 | O4: 15 | P4: 12 | Q4: 13 | R4: 14 | S4: 15 | T4: 16 | U4: 17=14+15 | V4: 18 | W4: 19
A5: 1 | B5: IDUKKI | C5: IDK | D5: 2403 | E5: 2375.33 | F5: 2325.26 | G5: 2408.5 ft | H5: 2373 ft | I5: =E5-8 -> 2367.33 | J5: =E5-2 -> 2373.33 | K5: =E5-1 -> 2374.33 | L5: 1459.49 | M5: 389.045 | N5: =ROUND((M5/L5)*100,2) -> 26.66 | O5: =(#REF!/L5) -> #REF! | P5: 5.577 | Q5: =ROUND((P5*1000000/(24*3600)),2) -> 64.55 | R5: 1.5785 | S5: 0 | T5: 0 | U5: =R5+S5 -> 1.5785 | V5: 11.4 | X5: 2.291
A6: 2 | B6: IDAMALAYAR | C6: EKM | D6: 169 | E6: 161.5 | F6: 141 | G6: 171 | H6: 161 | I6: =E6-1.5 -> 160 | J6: =E6-1 -> 160.5 | K6: =E6-0.5 -> 161 | L6: 1017.8 | M6: 328.55 | N6: =ROUND((M6/L6)*100,2) -> 32.28 | O6: =(#REF!/L6) -> #REF! | P6: 6.4791 | Q6: =ROUND((P6*1000000/(24*3600)),2) -> 74.99 | R6: 0 | S6: 0 | T6: 0 | U6: =R6+S6 -> 0 | V6: 25.6 | X6: 0
A7: 3 | B7: KAKKI - ANATHODE | C7: PTTA | D7: 981.46 | E7: 975.36 | F7: 951.69 | G7: 982.16 | H7: 975.36 | I7: =E7-2 -> 973.36 | J7: =E7-1 -> 974.36 | K7: =E7-0.5 -> 974.86 | L7: 446.51 | M7: 120.94 | N7: =ROUND((M7/L7)*100,2) -> 27.09 | O7: =(#REF!/L7) -> #REF! | P7: 3.0656 | Q7: =ROUND((P7*1000000/(24*3600)),2) -> 35.48 | R7: 0.5456 | S7: 0 | T7: 0 | U7: =R7+S7 -> 0.5456 | V7: 10 | X7: 0.88
A8: 4 | B8: BANASURASAGAR (K A S) | C8: WND | D8: 775.6 | E8: 771 | F8: 759.5 | G8: 775.6 | H8: 767 | I8: =E8-1.5 -> 769.5 | J8: =E8-1 -> 770 | K8: =E8-0.5 -> 770.5 | L8: 201 | M8: 41.55 | N8: =ROUND((M8/L8)*100,2) -> 20.67 | O8: =(#REF!/L8) -> #REF! | P8: 5.2 | Q8: =ROUND((P8*1000000/(24*3600)),2) -> 60.19 | S8: 0 | T8: 0 | U8: =R8+S8 -> 0 | V8: 114.6 | W8: Tunnel fully closed on 29.06.'26 at 11.15 am. Tunnel discharge- Nil | Z8: =0.16/8 -> 0.02
A9: 5 | B9: SHOLAYAR | C9: TSR | D9: 2663 | F9: 2599.2 | G9: 2663 ft | H9: 2642 ft | I9: 2658 | J9: 2660 | K9: 2661 | L9: 149.089 | M9: 29.04 | N9: =ROUND((M9/L9)*100,2) -> 19.48 | O9: =(#REF!/L9) -> #REF! | P9: 1.8803 | Q9: =ROUND((P9*1000000/(24*3600)),2) -> 21.76 | R9: 0 | S9: 0 | T9: 0 | U9: =R9+S9 -> 0 | V9: 26.4 | X9: 0
A10: 6 | B10: MADUPETTY | C10: IDK | D10: 1599.59 | F10: 1568.8 | G10: 1599.59 | H10: 1594.71 | I10: 1596 | J10: 1597 | K10: 1598 | L10: 54.77 | M10: 3.09 | N10: =ROUND((M10/L10)*100,2) -> 5.64 | O10: =(#REF!/L10) -> #REF! | P10: 0.25 | Q10: =ROUND((P10*1000000/(24*3600)),2) -> 2.89 | R10: 0 | S10: 0 | T10: =Y10 -> 0 | U10: =R10+S10 -> 0 | V10: 6 | W10: Sluice discharge =0.00 MCM | X10: 0 | Y10: =(S10*1000000)/(24*60*60) -> 0
A11: 7 | B11: ANAYIRANKAL | C11: IDK | D11: 1207.02 | F11: 1195.34 | G11: 1210.07 | H11: 1207.02 | I11: 1205.02 | J11: 1206.02 | K11: 1207.02 | L11: 49.83 | M11: 10.6246 | N11: =ROUND((M11/L11)*100,2) -> 21.32 | O11: =(#REF!/L11) -> #REF! | P11: 0.0867 | Q11: =ROUND((P11*1000000/(24*3600)),2) -> 1 | S11: 0 | T11: 0 | U11: =R11+S11 -> 0 | V11: 0 | W11: (Sluice gate fully closed @ 4.00 pm on 05.06.'26) | X11: 0 | Y11: =ROUND((S11*1000000/(24*3600)),2) -> 0
A12: 8 | B12: PONMUDI | C12: IDK | D12: 707.75 | F12: 693.5 | G12: 708.66 | H12: 701.35 | I12: 704.5 | J12: 705.5 | K12: 706.5 | L12: 47.4 | M12: 19.5064 | N12: =ROUND((M12/L12)*100,2) -> 41.15 | O12: =(#REF!/L12) -> #REF! | P12: 0.3232 | Q12: =ROUND((P12*1000000/(24*3600)),2) -> 3.74 | R12: 0 | S12: 0 | T12: 0 | U12: =R12+S12 -> 0 | V12: 14 | X12: 0 | Y12: =ROUND((S12*1000000/(24*3600)),2) -> 0
A13: 9 | B13: KUTTIYADI (KAKKAYAM) | C13: KKD | D13: 758.04 | F13: 750.97 | G13: 758.04 | H13: 751.64 | I13: 755.5 | J13: 756.5 | K13: 757.5 | L13: 33.98 | M13: 17.721 | N13: =ROUND((M13/L13)*100,2) -> 52.15 | O13: =(#REF!/L13) -> #REF! | P13: 3.2919 | Q13: =ROUND((P13*1000000/(24*3600)),2) -> 38.1 | R13: 1.8279 | S13: 0 | T13: 0 | U13: =R13+S13 -> 1.8279 | V13: 87 | X13: 2.5798
A14: 10 | B14: PAMBA | C14: PTTA | D14: 986.33 | F14: 965.65 | G14: 986.33 | H14: 981.46 | I14: 982 | J14: 983.5 | K14: 984.5 | L14: 31.15 | M14: 1.89 | N14: =ROUND((M14/L14)*100,2) -> 6.07 | O14: =(#REF!/L14) -> #REF! | P14: 2.926 | Q14: =ROUND((P14*1000000/(24*3600)),2) -> 33.87 | S14: 0 | T14: 0 | U14: =R14+S14 -> 0 | V14: 7 | X14: 0
A15: 11 | B15: PORINGALKUTHU | C15: TSR | D15: 423.98 | F15: 417.2 | G15: 423.98 | H15: 419.41 | I15: 421 | J15: 422 | K15: 423 | L15: 30.3 | M15: 13.5 | N15: =ROUND((M15/L15)*100,2) -> 44.55 | O15: =(#REF!/L15) -> #REF! | P15: 2.488 | Q15: =ROUND((P15*1000000/(24*3600)),2) -> 28.8 | R15: 3.488 | S15: 0 | T15: 0 | U15: =R15+S15 -> 3.488 | V15: 15 | W15: Spillway gates are kept at crest level, +419.40m | X15: 1.37555 | AB15: =0.0294/8 -> 0.003675
A16: 12 | B16: KUNDALA | C16: IDK | D16: 1758.69 | F16: 1747.15 | G16: 1759.3 | I16: 1755 | J16: 1756 | K16: 1757 | L16: 7.65 | M16: 1.598 | N16: =ROUND((M16/L16)*100,2) -> 20.89 | O16: =(#REF!/L16) -> #REF! | P16: 0.032 | Q16: =ROUND((P16*1000000/(24*3600)),2) -> 0.37 | R16: 0 | S16: 0 | T16: 0 | U16: =R16+S16 -> 0 | V16: 0.2 | W16: Sluice discharge = 0.00 MCM. All gates are closed | X16: 0 | Y16: =ROUND((S16*1000000/(24*3600)),2) -> 0
A17: 13 | B17: KALLARKUTTY | C17: IDK | D17: 456.59 | F17: 452.15 | G17: 456.9 | H17: 450.2 | K17: 455 | L17: 6.43 | M17: 3.785 | N17: =ROUND((M17/L17)*100,2) -> 58.86 | O17: =(#REF!/L17) -> #REF! | P17: 0.6398 | Q17: =ROUND((P17*1000000/(24*3600)),2) -> 7.41 | R17: 1.9004 | S17: 0 | T17: 0 | U17: =R17+S17 -> 1.9004 | V17: 14 | X17: 0.8979 | Y17: =(S17*1000000)/(24*60*60) -> 0 | Z17: =ROUND((0.054*1000000/(24*3600)),2) -> 0.63
A18: 14 | B18: ERATTAYAR | C18: IDK | D18: 754.38 | F18: 747 | G18: 754.38 | H18: 748.28 | K18: 748.28 | L18: 5.292 | M18: 0.7129 | N18: =ROUND((M18/L18)*100,2) -> 13.47 | Q18: =ROUND((P18*1000000/(24*3600)),2) -> 0 | S18: 0 | T18: 0 | U18: =R18+S18 -> 0 | V18: 0 | X18: 0
A19: 15 | B19: LOWER PERIYAR | C19: IDK | D19: 253 | F19: 248 | G19: 256 | H19: 237.74 | K19: 252 | L19: 4.55 | M19: 2.51 | N19: =ROUND((M19/L19)*100,2) -> 55.16 | O19: =(#REF!/L19) -> #REF! | P19: 2.5627 | Q19: =ROUND((P19*1000000/(24*3600)),2) -> 29.66 | R19: 3.3427 | S19: 0 | T19: 0 | U19: =R19+S19 -> 3.3427 | V19: 16 | X19: 1.539 | Y19: =ROUND((S19*1000000/(24*3600)),2) -> 0 | AA19: =ROUND((0.1728*1000000/(3*3600)),2) -> 16
A20: 16 | B20: MOOZHIYAR | C20: PTTA | D20: 192.63 | F20: 186 | G20: 192.94 | H20: 186.53 | K20: 190 | L20: 1.16 | M20: 0.365 | N20: =ROUND((M20/L20)*100,2) -> 31.47 | O20: =(#REF!/L20) -> #REF! | P20: 0.598 | Q20: =ROUND((P20*1000000/(24*3600)),2) -> 6.92 | R20: 0.9897225 | S20: 0 | T20: 0 | U20: =R20+S20 -> 0.9897225 | V20: 6 | X20: 0.30453 | Y20: =ROUND((S20*1000000/(24*3600)),2) -> 0 | Z20: =ROUND((S20*1000000/(24*3600)),2) -> 0
A21: 17 | B21: KALLAR | C21: IDK | D21: 824.48 | F21: 820.3 | G21: 824.48 | H21: 818.38 | K21: 823.5 | L21: 0.763 | M21: 0.1949 | N21: =ROUND((M21/L21)*100,2) -> 25.54 | Q21: =ROUND((P21*1000000/(24*3600)),2) -> 0 | S21: 0 | T21: 0 | U21: =R21+S21 -> 0 | V21: 0 | X21: 0
A22: 18 | B22: SENGULAM | C22: IDK | D22: 847.64 | F22: 846.85 | G22: 849.49 | H22: 847.64 | L22: 0.39 | M22: 0.201 | N22: =ROUND((M22/L22)*100,2) -> 51.54 | O22: =(#REF!/L22) -> #REF! | P22: 0.953 | Q22: =ROUND((P22*1000000/(24*3600)),2) -> 11.03 | R22: 0.89395 | S22: 0 | T22: 0 | U22: =R22+S22 -> 0.89395 | V22: 7.2 | X22: 0.7039
B23: Grand Total | L23: =SUM(L5:L22) -> 3547.554 | M23: =ROUND(SUM(M5:M22),2) -> 984.82 | N23: =ROUND((M23/L23)*100,2) -> 27.76 | O23: =(#REF!/L23) -> #REF!
B25: Spilling Dams : Nil | T25: Deputy Chief Engineer

Sheet 09.07.2026
A1: KERALA STATE ELECTRICITY BOARD LIMITED
A2: DAILY REPORT - WATER LEVELS OF MAJOR RESERVOIRS (As on 09.07.2026) 7.00 AM.
A3: Sl. No. | B3: Name of Reservoir | C3: District | D3: FRL (metre) | E3: Rule level (metre) | F3: Water level on date (metre) | G3: MWL (metre) | H3: Spillway Crest Level (metre) | I3: Blue Alert level (metre) | J3: Orange Alert level (metre) | K3: Red Alert Level (metre) | L3: Live Storage at FRL (MCM) | M3: Live Storage (MCM) | N3: % Storage | O3: % Storage wrt Live Storage at FRL | P3: Inflow (MCM) | Q3: Average Inflow (Cumecs) | R3: Power House Discharge (MCM) | S3: Spill (MCM) | T3: Current Spillway release (Cumecs) | U3: Total Outflow (MCM) | V3: Rain fall (mm) | W3: Remarks | X3: Generation (MU) | AA3: =0.224/8 -> 0.028
A4: 1 | B4: 2 | C4: 3 | D4: 4 | E4: 5 | F4: 6 | I4: 7 | J4: 8 | K4: 9 | M4: 10 | N4: 11 | O4: 15 | P4: 12 | Q4: 13 | R4: 14 | S4: 15 | T4: 16 | U4: 17=14+15 | V4: 18 | W4: 19
A5: 1 | B5: IDUKKI | C5: IDK | D5: 2403 | E5: 2375.33 | F5: 2325.82 | G5: 2408.5 ft | H5: 2373 ft | I5: =E5-8 -> 2367.33 | J5: =E5-2 -> 2373.33 | K5: =E5-1 -> 2374.33 | L5: 1459.49 | M5: 395.024 | N5: =ROUND((M5/L5)*100,2) -> 27.07 | O5: =(#REF!/L5) -> #REF! | P5: 7.483 | Q5: =ROUND((P5*1000000/(24*3600)),2) -> 86.61 | R5: 1.3501 | S5: 0 | T5: 0 | U5: =R5+S5 -> 1.3501 | V5: 38.8 | X5: 1.96
A6: 2 | B6: IDAMALAYAR | C6: EKM | D6: 169 | E6: 161.5 | F6: 141.46 | G6: 171 | H6: 161 | I6: =E6-1.5 -> 160 | J6: =E6-1 -> 160.5 | K6: =E6-0.5 -> 161 | L6: 1017.8 | M6: 337.451 | N6: =ROUND((M6/L6)*100,2) -> 33.15 | O6: =(#REF!/L6) -> #REF! | P6: 10.0737 | Q6: =ROUND((P6*1000000/(24*3600)),2) -> 116.59 | R6: 0.6502 | S6: 0 | T6: 0 | U6: =R6+S6 -> 0.6502 | V6: 90.8 | X6: 0.1586
A7: 3 | B7: KAKKI - ANATHODE | C7: PTTA | D7: 981.46 | E7: 975.36 | F7: 952.06 | G7: 982.16 | H7: 975.36 | I7: =E7-2 -> 973.36 | J7: =E7-1 -> 974.36 | K7: =E7-0.5 -> 974.86 | L7: 446.51 | M7: 123.19 | N7: =ROUND((M7/L7)*100,2) -> 27.59 | O7: =(#REF!/L7) -> #REF! | P7: 2.8142 | Q7: =ROUND((P7*1000000/(24*3600)),2) -> 32.57 | R7: 0.5642 | S7: 0 | T7: 0 | U7: =R7+S7 -> 0.5642 | V7: 30 | X7: 0.91
A8: 4 | B8: BANASURASAGAR (K A S) | C8: WND | D8: 775.6 | E8: 771 | F8: 760.5 | G8: 775.6 | H8: 767 | I8: =E8-1.5 -> 769.5 | J8: =E8-1 -> 770 | K8: =E8-0.5 -> 770.5 | L8: 201 | M8: 48.35 | N8: =ROUND((M8/L8)*100,2) -> 24.05 | O8: =(#REF!/L8) -> #REF! | P8: 6.8 | Q8: =ROUND((P8*1000000/(24*3600)),2) -> 78.7 | S8: 0 | T8: 0 | U8: =R8+S8 -> 0 | V8: 85.1 | W8: Tunnel fully closed on 29.06.'26 at 11.15 am. Tunnel discharge- Nil | Z8: =0.16/8 -> 0.02
A9: 5 | B9: SHOLAYAR | C9: TSR | D9: 2663 | F9: 2601.6 | G9: 2663 ft | H9: 2642 ft | I9: 2658 | J9: 2660 | K9: 2661 | L9: 149.089 | M9: 32.01 | N9: =ROUND((M9/L9)*100,2) -> 21.47 | O9: =(#REF!/L9) -> #REF! | P9: 2.9733 | Q9: =ROUND((P9*1000000/(24*3600)),2) -> 34.41 | R9: 0 | S9: 0 | T9: 0 | U9: =R9+S9 -> 0 | V9: 88.8 | X9: 0
A10: 6 | B10: MADUPETTY | C10: IDK | D10: 1599.59 | F10: 1568.9 | G10: 1599.59 | H10: 1594.71 | I10: 1596 | J10: 1597 | K10: 1598 | L10: 54.77 | M10: 3.19 | N10: =ROUND((M10/L10)*100,2) -> 5.82 | O10: =(#REF!/L10) -> #REF! | P10: 0.1 | Q10: =ROUND((P10*1000000/(24*3600)),2) -> 1.16 | R10: 0 | S10: 0 | T10: =Y10 -> 0 | U10: =R10+S10 -> 0 | V10: 26 | W10: Sluice discharge =0.00 MCM | X10: 0 | Y10: =(S10*1000000)/(24*60*60) -> 0
A11: 7 | B11: ANAYIRANKAL | C11: IDK | D11: 1207.02 | F11: 1195.4 | G11: 1210.07 | H11: 1207.02 | I11: 1205.02 | J11: 1206.02 | K11: 1207.02 | L11: 49.83 | M11: 10.7286 | N11: =ROUND((M11/L11)*100,2) -> 21.53 | O11: =(#REF!/L11) -> #REF! | P11: 0.104 | Q11: =ROUND((P11*1000000/(24*3600)),2) -> 1.2 | S11: 0 | T11: 0 | U11: =R11+S11 -> 0 | V11: 18 | W11: (Sluice gate fully closed @ 4.00 pm on 05.06.'26) | X11: 0 | Y11: =ROUND((S11*1000000/(24*3600)),2) -> 0
A12: 8 | B12: PONMUDI | C12: IDK | D12: 707.75 | F12: 693.95 | G12: 708.66 | H12: 701.35 | I12: 704.5 | J12: 705.5 | K12: 706.5 | L12: 47.4 | M12: 20.2588 | N12: =ROUND((M12/L12)*100,2) -> 42.74 | O12: =(#REF!/L12) -> #REF! | P12: 0.7524 | Q12: =ROUND((P12*1000000/(24*3600)),2) -> 8.71 | R12: 0 | S12: 0 | T12: 0 | U12: =R12+S12 -> 0 | V12: 25 | X12: 0 | Y12: =ROUND((S12*1000000/(24*3600)),2) -> 0
A13: 9 | B13: KUTTIYADI (KAKKAYAM) | C13: KKD | D13: 758.04 | F13: 752.09 | G13: 758.04 | H13: 751.64 | I13: 755.5 | J13: 756.5 | K13: 757.5 | L13: 33.98 | M13: 19.976 | N13: =ROUND((M13/L13)*100,2) -> 58.79 | O13: =(#REF!/L13) -> #REF! | P13: 5.2856 | Q13: =ROUND((P13*1000000/(24*3600)),2) -> 61.18 | R13: 3.0306 | S13: 0 | T13: 0 | U13: =R13+S13 -> 3.0306 | V13: 151 | X13: 4.2844
A14: 10 | B14: PAMBA | C14: PTTA | D14: 986.33 | F14: 965.5 | G14: 986.33 | H14: 981.46 | I14: 982 | J14: 983.5 | K14: 984.5 | L14: 31.15 | M14: 1.81 | N14: =ROUND((M14/L14)*100,2) -> 5.81 | O14: =(#REF!/L14) -> #REF! | P14: 2.688 | Q14: =ROUND((P14*1000000/(24*3600)),2) -> 31.11 | S14: 0 | T14: 0 | U14: =R14+S14 -> 0 | V14: 28 | X14: 0
A15: 11 | B15: PORINGALKUTHU | C15: TSR | D15: 423.98 | F15: 419.55 | G15: 423.98 | H15: 419.41 | I15: 421 | J15: 422 | K15: 423 | L15: 30.3 | M15: 18.63 | N15: =ROUND((M15/L15)*100,2) -> 61.49 | O15: =(#REF!/L15) -> #REF! | P15: 8.3575 | Q15: =ROUND((P15*1000000/(24*3600)),2) -> 96.73 | R15: 3.2325 | S15: 0 | T15: 8 | U15: =R15+S15 -> 3.2325 | V15: 59 | W15: Spillway gates are kept at crest level, +419.40m | X15: 1.28236 | Y15: =ROUND((0.028*1000000/(1*3600)),2) -> 7.78 | AB15: =0.0294/8 -> 0.003675
A16: 12 | B16: KUNDALA | C16: IDK | D16: 1758.69 | F16: 1747.2 | G16: 1759.3 | I16: 1755 | J16: 1756 | K16: 1757 | L16: 7.65 | M16: 1.614 | N16: =ROUND((M16/L16)*100,2) -> 21.1 | O16: =(#REF!/L16) -> #REF! | P16: 0.016 | Q16: =ROUND((P16*1000000/(24*3600)),2) -> 0.19 | R16: 0 | S16: 0 | T16: 0 | U16: =R16+S16 -> 0 | V16: 4 | W16: Sluice discharge = 0.00 MCM. All gates are closed | X16: 0 | Y16: =ROUND((S16*1000000/(24*3600)),2) -> 0
A17: 13 | B17: KALLARKUTTY | C17: IDK | D17: 456.59 | F17: 452.6 | G17: 456.9 | H17: 450.2 | K17: 455 | L17: 6.43 | M17: 4.015 | N17: =ROUND((M17/L17)*100,2) -> 62.44 | O17: =(#REF!/L17) -> #REF! | P17: 2.4351 | Q17: =ROUND((P17*1000000/(24*3600)),2) -> 28.18 | R17: 2.2055 | S17: 0 | T17: 0 | U17: =R17+S17 -> 2.2055 | V17: 18 | X17: 1.0321 | Y17: =(S17*1000000)/(24*60*60) -> 0 | Z17: =ROUND((0.054*1000000/(24*3600)),2) -> 0.63
A18: 14 | B18: ERATTAYAR | C18: IDK | D18: 754.38 | F18: 747 | G18: 754.38 | H18: 748.28 | K18: 748.28 | L18: 5.292 | M18: 0.7129 | N18: =ROUND((M18/L18)*100,2) -> 13.47 | Q18: =ROUND((P18*1000000/(24*3600)),2) -> 0 | S18: 0 | T18: 0 | U18: =R18+S18 -> 0 | V18: 0 | X18: 0
A19: 15 | B19: LOWER PERIYAR | C19: IDK | D19: 253 | F19: 248.3 | G19: 256 | H19: 237.74 | K19: 252 | L19: 4.55 | M19: 2.627 | N19: =ROUND((M19/L19)*100,2) -> 57.74 | O19: =(#REF!/L19) -> #REF! | P19: 3.6378 | Q19: =ROUND((P19*1000000/(24*3600)),2) -> 42.1 | R19: 3.5208 | S19: 0 | T19: 0 | U19: =R19+S19 -> 3.5208 | V19: 26 | X19: 1.621 | Y19: =ROUND((S19*1000000/(24*3600)),2) -> 0 | AA19: =ROUND((0.1728*1000000/(3*3600)),2) -> 16
A20: 16 | B20: MOOZHIYAR | C20: PTTA | D20: 192.63 | F20: 186.1 | G20: 192.94 | H20: 186.53 | K20: 190 | L20: 1.16 | M20: 0.375 | N20: =ROUND((M20/L20)*100,2) -> 32.33 | O20: =(#REF!/L20) -> #REF! | P20: 0.789 | Q20: =ROUND((P20*1000000/(24*3600)),2) -> 9.13 | R20: 0.8196 | S20: 0 | T20: 0 | U20: =R20+S20 -> 0.8196 | V20: 24 | X20: 0.25218 | Y20: =ROUND((S20*1000000/(24*3600)),2) -> 0 | Z20: =ROUND((S20*1000000/(24*3600)),2) -> 0
A21: 17 | B21: KALLAR | C21: IDK | D21: 824.48 | F21: 820.3 | G21: 824.48 | H21: 818.38 | K21: 823.5 | L21: 0.763 | M21: 0.1949 | N21: =ROUND((M21/L21)*100,2) -> 25.54 | Q21: =ROUND((P21*1000000/(24*3600)),2) -> 0 | S21: 0 | T21: 0 | U21: =R21+S21 -> 0 | V21: 0 | X21: 0
A22: 18 | B22: SENGULAM | C22: IDK | D22: 847.64 | F22: 846.6 | G22: 849.49 | H22: 847.64 | L22: 0.39 | M22: 0.142 | N22: =ROUND((M22/L22)*100,2) -> 36.41 | O22: =(#REF!/L22) -> #REF! | P22: 0.894 | Q22: =ROUND((P22*1000000/(24*3600)),2) -> 10.35 | R22: 0.953135 | S22: 0 | T22: 0 | U22: =R22+S22 -> 0.953135 | V22: 8 | X22: 0.7505
B23: Grand Total | L23: =SUM(L5:L22) -> 3547.554 | M23: =ROUND(SUM(M5:M22),2) -> 1020.3 | N23: =ROUND((M23/L23)*100,2) -> 28.76 | O23: =(#REF!/L23) -> #REF!
B25: Spilling Dams : Poringalkuthu | T25: Deputy Chief Engineer

Sheet 10.07.2026
A1: KERALA STATE ELECTRICITY BOARD LIMITED
A2: DAILY REPORT - WATER LEVELS OF MAJOR RESERVOIRS (As on 10.07.2026) 7.00 AM.
A3: Sl. No. | B3: Name of Reservoir | C3: District | D3: FRL (metre) | E3: Rule level (metre) | F3: Water level on date (metre) | G3: MWL (metre) | H3: Spillway Crest Level (metre) | I3: Blue Alert level (metre) | J3: Orange Alert level (metre) | K3: Red Alert Level (metre) | L3: Live Storage at FRL (MCM) | M3: Live Storage (MCM) | N3: % Storage | O3: % Storage wrt Live Storage at FRL | P3: Inflow (MCM) | Q3: Average Inflow (Cumecs) | R3: Power House Discharge (MCM) | S3: Spill (MCM) | T3: Current Spillway release (Cumecs) | U3: Total Outflow (MCM) | V3: Rain fall (mm) | W3: Remarks | X3: Generation (MU) | AA3: =0.224/8 -> 0.028
A4: 1 | B4: 2 | C4: 3 | D4: 4 | E4: 5 | F4: 6 | I4: 7 | J4: 8 | K4: 9 | M4: 10 | N4: 11 | O4: 15 | P4: 12 | Q4: 13 | R4: 14 | S4: 15 | T4: 16 | U4: 17=14+15 | V4: 18 | W4: 19
A5: 1 | B5: IDUKKI | C5: IDK | D5: 2403 | E5: 2375.33 | F5: 2326.42 | G5: 2408.5 ft | H5: 2373 ft | I5: =E5-8 -> 2367.33 | J5: =E5-2 -> 2373.33 | K5: =E5-1 -> 2374.33 | L5: 1459.49 | M5: 401.429 | N5: =ROUND((M5/L5)*100,2) -> 27.5 | O5: =(#REF!/L5) -> #REF! | P5: 7.33 | Q5: =ROUND((P5*1000000/(24*3600)),2) -> 84.84 | R5: 0.7699 | S5: 0 | T5: 0 | U5: =R5+S5 -> 0.7699 | V5: 15.4 | X5: 1.118
A6: 2 | B6: IDAMALAYAR | C6: EKM | D6: 169 | E6: 161.5 | F6: 142.02 | G6: 171 | H6: 161 | I6: =E6-1.5 -> 160 | J6: =E6-1 -> 160.5 | K6: =E6-0.5 -> 161 | L6: 1017.8 | M6: 348.287 | N6: =ROUND((M6/L6)*100,2) -> 34.22 | O6: =(#REF!/L6) -> #REF! | P6: 10.8434 | Q6: =ROUND((P6*1000000/(24*3600)),2) -> 125.5 | R6: 0 | S6: 0 | T6: 0 | U6: =R6+S6 -> 0 | V6: 24.4 | X6: 0
A7: 3 | B7: KAKKI - ANATHODE | C7: PTTA | D7: 981.46 | E7: 975.36 | F7: 952.48 | G7: 982.16 | H7: 975.36 | I7: =E7-2 -> 973.36 | J7: =E7-1 -> 974.36 | K7: =E7-0.5 -> 974.86 | L7: 446.51 | M7: 125.92 | N7: =ROUND((M7/L7)*100,2) -> 28.2 | O7: =(#REF!/L7) -> #REF! | P7: 3.0261 | Q7: =ROUND((P7*1000000/(24*3600)),2) -> 35.02 | R7: 0.2961 | S7: 0 | T7: 0 | U7: =R7+S7 -> 0.2961 | V7: 51 | X7: 0.4775
A8: 4 | B8: BANASURASAGAR (K A S) | C8: WND | D8: 775.6 | E8: 771 | F8: 761 | G8: 775.6 | H8: 767 | I8: =E8-1.5 -> 769.5 | J8: =E8-1 -> 770 | K8: =E8-0.5 -> 770.5 | L8: 201 | M8: 51.95 | N8: =ROUND((M8/L8)*100,2) -> 25.85 | O8: =(#REF!/L8) -> #REF! | P8: 3.6 | Q8: =ROUND((P8*1000000/(24*3600)),2) -> 41.67 | S8: 0 | T8: 0 | U8: =R8+S8 -> 0 | V8: 14 | W8: Tunnel fully closed on 29.06.'26 at 11.15 am. Tunnel discharge- Nil | Z8: =0.16/8 -> 0.02
A9: 5 | B9: SHOLAYAR | C9: TSR | D9: 2663 | F9: 2603.6 | G9: 2663 ft | H9: 2642 ft | I9: 2658 | J9: 2660 | K9: 2661 | L9: 149.089 | M9: 34.5 | N9: =ROUND((M9/L9)*100,2) -> 23.14 | O9: =(#REF!/L9) -> #REF! | P9: 2.4919 | Q9: =ROUND((P9*1000000/(24*3600)),2) -> 28.84 | R9: 0 | S9: 0 | T9: 0 | U9: =R9+S9 -> 0 | V9: 31.4 | X9: 0
A10: 6 | B10: MADUPETTY | C10: IDK | D10: 1599.59 | F10: 1569.15 | G10: 1599.59 | H10: 1594.71 | I10: 1596 | J10: 1597 | K10: 1598 | L10: 54.77 | M10: 3.44 | N10: =ROUND((M10/L10)*100,2) -> 6.28 | O10: =(#REF!/L10) -> #REF! | P10: 0.25 | Q10: =ROUND((P10*1000000/(24*3600)),2) -> 2.89 | R10: 0 | S10: 0 | T10: =Y10 -> 0 | U10: =R10+S10 -> 0 | V10: 6 | W10: Sluice discharge =0.00 MCM | X10: 0 | Y10: =(S10*1000000)/(24*60*60) -> 0
A11: 7 | B11: ANAYIRANKAL | C11: IDK | D11: 1207.02 | F11: 1195.45 | G11: 1210.07 | H11: 1207.02 | I11: 1205.02 | J11: 1206.02 | K11: 1207.02 | L11: 49.83 | M11: 10.8153 | N11: =ROUND((M11/L11)*100,2) -> 21.7 | O11: =(#REF!/L11) -> #REF! | P11: 0.0867 | Q11: =ROUND((P11*1000000/(24*3600)),2) -> 1 | S11: 0 | T11: 0 | U11: =R11+S11 -> 0 | V11: 0 | W11: (Sluice gate fully closed @ 4.00 pm on 05.06.'26) | X11: 0 | Y11: =ROUND((S11*1000000/(24*3600)),2) -> 0
A12: 8 | B12: PONMUDI | C12: IDK | D12: 707.75 | F12: 694.55 | G12: 708.66 | H12: 701.35 | I12: 704.5 | J12: 705.5 | K12: 706.5 | L12: 47.4 | M12: 21.2619 | N12: =ROUND((M12/L12)*100,2) -> 44.86 | O12: =(#REF!/L12) -> #REF! | P12: 1.0031 | Q12: =ROUND((P12*1000000/(24*3600)),2) -> 11.61 | R12: 0 | S12: 0 | T12: 0 | U12: =R12+S12 -> 0 | V12: 10 | X12: 0 | Y12: =ROUND((S12*1000000/(24*3600)),2) -> 0
A13: 9 | B13: KUTTIYADI (KAKKAYAM) | C13: KKD | D13: 758.04 | F13: 752.12 | G13: 758.04 | H13: 751.64 | I13: 755.5 | J13: 756.5 | K13: 757.5 | L13: 33.98 | M13: 20.037 | N13: =ROUND((M13/L13)*100,2) -> 58.97 | O13: =(#REF!/L13) -> #REF! | P13: 3.0491 | Q13: =ROUND((P13*1000000/(24*3600)),2) -> 35.29 | R13: 2.9881 | S13: 0 | T13: 0 | U13: =R13+S13 -> 2.9881 | V13: 30 | X13: 4.2248
A14: 10 | B14: PAMBA | C14: PTTA | D14: 986.33 | F14: 965.45 | G14: 986.33 | H14: 981.46 | I14: 982 | J14: 983.5 | K14: 984.5 | L14: 31.15 | M14: 1.77 | N14: =ROUND((M14/L14)*100,2) -> 5.68 | O14: =(#REF!/L14) -> #REF! | P14: 2.58 | Q14: =ROUND((P14*1000000/(24*3600)),2) -> 29.86 | S14: 0 | T14: 0 | U14: =R14+S14 -> 0 | V14: 14 | X14: 0
A15: 11 | B15: PORINGALKUTHU | C15: TSR | D15: 423.98 | F15: 419.75 | G15: 423.98 | H15: 419.41 | I15: 421 | J15: 422 | K15: 423 | L15: 30.3 | M15: 19.13 | N15: =ROUND((M15/L15)*100,2) -> 63.14 | O15: =(#REF!/L15) -> #REF! | P15: 9.2535 | Q15: =ROUND((P15*1000000/(24*3600)),2) -> 107.1 | R15: 4.7334 | S15: 4.0201 | T15: 29.17 | U15: =R15+S15 -> 8.7535 | V15: 35.2 | W15: Spillway gates are kept at crest level, +419.40m | X15: 1.8586 | Y15: =ROUND((0.028*1000000/(1*3600)),2) -> 7.78 | AB15: =0.0294/8 -> 0.003675
A16: 12 | B16: KUNDALA | C16: IDK | D16: 1758.69 | F16: 1747.3 | G16: 1759.3 | I16: 1755 | J16: 1756 | K16: 1757 | L16: 7.65 | M16: 1.648 | N16: =ROUND((M16/L16)*100,2) -> 21.54 | O16: =(#REF!/L16) -> #REF! | P16: 0.034 | Q16: =ROUND((P16*1000000/(24*3600)),2) -> 0.39 | R16: 0 | S16: 0 | T16: 0 | U16: =R16+S16 -> 0 | V16: 0 | W16: Sluice discharge = 0.00 MCM. All gates are closed | X16: 0 | Y16: =ROUND((S16*1000000/(24*3600)),2) -> 0
A17: 13 | B17: KALLARKUTTY | C17: IDK | D17: 456.59 | F17: 452.05 | G17: 456.9 | H17: 450.2 | K17: 455 | L17: 6.43 | M17: 3.734 | N17: =ROUND((M17/L17)*100,2) -> 58.07 | O17: =(#REF!/L17) -> #REF! | P17: 2.7607 | Q17: =ROUND((P17*1000000/(24*3600)),2) -> 31.95 | R17: 3.0413 | S17: 0 | T17: 0 | U17: =R17+S17 -> 3.0413 | V17: 12 | X17: 1.4295 | Y17: =(S17*1000000)/(24*60*60) -> 0 | Z17: =ROUND((0.054*1000000/(24*3600)),2) -> 0.63
A18: 14 | B18: ERATTAYAR | C18: IDK | D18: 754.38 | F18: 747 | G18: 754.38 | H18: 748.28 | K18: 748.28 | L18: 5.292 | M18: 0.7129 | N18: =ROUND((M18/L18)*100,2) -> 13.47 | Q18: =ROUND((P18*1000000/(24*3600)),2) -> 0 | S18: 0 | T18: 0 | U18: =R18+S18 -> 0 | V18: 0 | X18: 0
A19: 15 | B19: LOWER PERIYAR | C19: IDK | D19: 253 | F19: 249 | G19: 256 | H19: 237.74 | K19: 252 | L19: 4.55 | M19: 2.9 | N19: =ROUND((M19/L19)*100,2) -> 63.74 | O19: =(#REF!/L19) -> #REF! | P19: 5.0319 | Q19: =ROUND((P19*1000000/(24*3600)),2) -> 58.24 | R19: 4.7589 | S19: 0 | T19: 0 | U19: =R19+S19 -> 4.7589 | V19: 14 | X19: 2.191 | Y19: =ROUND((S19*1000000/(24*3600)),2) -> 0 | AA19: =ROUND((0.1728*1000000/(3*3600)),2) -> 16
A20: 16 | B20: MOOZHIYAR | C20: PTTA | D20: 192.63 | F20: 185.7 | G20: 192.94 | H20: 186.53 | K20: 190 | L20: 1.16 | M20: 0.336 | N20: =ROUND((M20/L20)*100,2) -> 28.97 | O20: =(#REF!/L20) -> #REF! | P20: 0.6034 | Q20: =ROUND((P20*1000000/(24*3600)),2) -> 6.98 | R20: 0.7252375 | S20: 0 | T20: 0 | U20: =R20+S20 -> 0.7252375 | V20: 21 | X20: 0.22315 | Y20: =ROUND((S20*1000000/(24*3600)),2) -> 0 | Z20: =ROUND((S20*1000000/(24*3600)),2) -> 0
A21: 17 | B21: KALLAR | C21: IDK | D21: 824.48 | F21: 820.3 | G21: 824.48 | H21: 818.38 | K21: 823.5 | L21: 0.763 | M21: 0.1949 | N21: =ROUND((M21/L21)*100,2) -> 25.54 | Q21: =ROUND((P21*1000000/(24*3600)),2) -> 0 | S21: 0 | T21: 0 | U21: =R21+S21 -> 0 | V21: 0 | X21: 0
A22: 18 | B22: SENGULAM | C22: IDK | D22: 847.64 | F22: 846.6 | G22: 849.49 | H22: 847.64 | L22: 0.39 | M22: 0.142 | N22: =ROUND((M22/L22)*100,2) -> 36.41 | O22: =(#REF!/L22) -> #REF! | P22: 1.2986 | Q22: =ROUND((P22*1000000/(24*3600)),2) -> 15.03 | R22: 1.298575 | S22: 0 | T22: 0 | U22: =R22+S22 -> 1.298575 | V22: 6.8 | X22: 1.0225
B23: Grand Total | L23: =SUM(L5:L22) -> 3547.554 | M23: =ROUND(SUM(M5:M22),2) -> 1048.21 | N23: =ROUND((M23/L23)*100,2) -> 29.55 | O23: =(#REF!/L23) -> #REF!
B25: Spilling Dams : Poringalkuthu | T25: Deputy Chief Engineer

Sheet 11.07.2026
A1: KERALA STATE ELECTRICITY BOARD LIMITED
A2: DAILY REPORT - WATER LEVELS OF MAJOR RESERVOIRS (As on 11.07.2026) 7.00 AM.
A3: Sl. No. | B3: Name of Reservoir | C3: District | D3: FRL (metre) | E3: Rule level (metre) | F3: Water level on date (metre) | G3: MWL (metre) | H3: Spillway Crest Level (metre) | I3: Blue Alert level (metre) | J3: Orange Alert level (metre) | K3: Red Alert Level (metre) | L3: Live Storage at FRL (MCM) | M3: Live Storage (MCM) | N3: % Storage | O3: % Storage wrt Live Storage at FRL | P3: Inflow (MCM) | Q3: Average Inflow (Cumecs) | R3: Power House Discharge (MCM) | S3: Spill (MCM) | T3: Current Spillway release (Cumecs) | U3: Total Outflow (MCM) | V3: Rain fall (mm) | W3: Remarks | X3: Generation (MU) | AA3: =0.224/8 -> 0.028
A4: 1 | B4: 2 | C4: 3 | D4: 4 | E4: 5 | F4: 6 | I4: 7 | J4: 8 | K4: 9 | M4: 10 | N4: 11 | O4: 15 | P4: 12 | Q4: 13 | R4: 14 | S4: 15 | T4: 16 | U4: 17=14+15 | V4: 18 | W4: 19
A5: 1 | B5: IDUKKI | C5: IDK | D5: 2403 | E5: 2377.95 | F5: 2327.2 | G5: 2408.5 ft | H5: 2373 ft | I5: =E5-8 -> 2369.95 | J5: =E5-2 -> 2375.95 | K5: =E5-1 -> 2376.95 | L5: 1459.49 | M5: 409.761 | N5: =ROUND((M5/L5)*100,2) -> 28.08 | O5: =(#REF!/L5) -> #REF! | P5: 9.945 | Q5: =ROUND((P5*1000000/(24*3600)),2) -> 115.1 | R5: 1.4573 | S5: 0 | T5: 0 | U5: =R5+S5 -> 1.4573 | V5: 18.2 | X5: 2.117
A6: 2 | B6: IDAMALAYAR | C6: EKM | D6: 169 | E6: 161.75 | F6: 142.5 | G6: 171 | H6: 161 | I6: =E6-1.5 -> 160.25 | J6: =E6-1 -> 160.75 | K6: =E6-0.5 -> 161.25 | L6: 1017.8 | M6: 357.575 | N6: =ROUND((M6/L6)*100,2) -> 35.13 | O6: =(#REF!/L6) -> #REF! | P6: 9.9726 | Q6: =ROUND((P6*1000000/(24*3600)),2) -> 115.42 | R6: 7.6528 | S6: 0 | T6: 0 | U6: =R6+S6 -> 7.6528 | V6: 20.6 | X6: 0.1629
A7: 3 | B7: KAKKI - ANATHODE | C7: PTTA | D7: 981.46 | E7: 975.36 | F7: 953.06 | G7: 982.16 | H7: 975.36 | I7: =E7-2 -> 973.36 | J7: =E7-1 -> 974.36 | K7: =E7-0.5 -> 974.86 | L7: 446.51 | M7: 129.69 | N7: =ROUND((M7/L7)*100,2) -> 29.05 | O7: =(#REF!/L7) -> #REF! | P7: 4.2629 | Q7: =ROUND((P7*1000000/(24*3600)),2) -> 49.34 | R7: 0.4929 | S7: 0 | T7: 0 | U7: =R7+S7 -> 0.4929 | V7: 57 | X7: 0.795
A8: 4 | B8: BANASURASAGAR (K A S) | C8: WND | D8: 775.6 | E8: 773.5 | F8: 761.25 | G8: 775.6 | H8: 767 | I8: =E8-1.5 -> 772 | J8: =E8-1 -> 772.5 | K8: =E8-0.5 -> 773 | L8: 201 | M8: 53.95 | N8: =ROUND((M8/L8)*100,2) -> 26.84 | O8: =(#REF!/L8) -> #REF! | P8: 2 | Q8: =ROUND((P8*1000000/(24*3600)),2) -> 23.15 | S8: 0 | T8: 0 | U8: =R8+S8 -> 0 | V8: 5.2 | W8: Tunnel fully closed on 29.06.'26 at 11.15 am. Tunnel discharge- Nil | Z8: =0.16/8 -> 0.02
A9: 5 | B9: SHOLAYAR | C9: TSR | D9: 2663 | F9: 2605.7 | G9: 2663 ft | H9: 2642 ft | I9: 2658 | J9: 2660 | K9: 2661 | L9: 149.089 | M9: 37.12 | N9: =ROUND((M9/L9)*100,2) -> 24.9 | O9: =(#REF!/L9) -> #REF! | P9: 2.6165 | Q9: =ROUND((P9*1000000/(24*3600)),2) -> 30.28 | R9: 0 | S9: 0 | T9: 0 | U9: =R9+S9 -> 0 | V9: 59 | X9: 0
A10: 6 | B10: MADUPETTY | C10: IDK | D10: 1599.59 | F10: 1569.3 | G10: 1599.59 | H10: 1594.71 | I10: 1596 | J10: 1597 | K10: 1598 | L10: 54.77 | M10: 3.59 | N10: =ROUND((M10/L10)*100,2) -> 6.55 | O10: =(#REF!/L10) -> #REF! | P10: 0.15 | Q10: =ROUND((P10*1000000/(24*3600)),2) -> 1.74 | R10: 0 | S10: 0 | T10: =Y10 -> 0 | U10: =R10+S10 -> 0 | V10: 13 | W10: Sluice discharge =0.00 MCM | X10: 0 | Y10: =(S10*1000000)/(24*60*60) -> 0
A11: 7 | B11: ANAYIRANKAL | C11: IDK | D11: 1207.02 | F11: 1195.51 | G11: 1210.07 | H11: 1207.02 | I11: 1205.02 | J11: 1206.02 | K11: 1207.02 | L11: 49.83 | M11: 10.9194 | N11: =ROUND((M11/L11)*100,2) -> 21.91 | O11: =(#REF!/L11) -> #REF! | P11: 0.1041 | Q11: =ROUND((P11*1000000/(24*3600)),2) -> 1.2 | S11: 0 | T11: 0 | U11: =R11+S11 -> 0 | V11: 9 | W11: (Sluice gate fully closed @ 4.00 pm on 05.06.'26) | X11: 0 | Y11: =ROUND((S11*1000000/(24*3600)),2) -> 0
A12: 8 | B12: PONMUDI | C12: IDK | D12: 707.75 | F12: 694.4 | G12: 708.66 | H12: 701.35 | I12: 704.5 | J12: 705.5 | K12: 706.5 | L12: 47.4 | M12: 21.0111 | N12: =ROUND((M12/L12)*100,2) -> 44.33 | O12: =(#REF!/L12) -> #REF! | P12: 0.3903 | Q12: =ROUND((P12*1000000/(24*3600)),2) -> 4.52 | R12: 0.64113 | S12: 0 | T12: 0 | U12: =R12+S12 -> 0.64113 | V12: 11 | X12: 0.2633 | Y12: =ROUND((S12*1000000/(24*3600)),2) -> 0
A13: 9 | B13: KUTTIYADI (KAKKAYAM) | C13: KKD | D13: 758.04 | F13: 751.3 | G13: 758.04 | H13: 751.64 | I13: 755.5 | J13: 756.5 | K13: 757.5 | L13: 33.98 | M13: 18.39 | N13: =ROUND((M13/L13)*100,2) -> 54.12 | O13: =(#REF!/L13) -> #REF! | P13: 1.6096 | Q13: =ROUND((P13*1000000/(24*3600)),2) -> 18.63 | R13: 3.2566 | S13: 0 | T13: 0 | U13: =R13+S13 -> 3.2566 | V13: 24 | X13: 4.6041
A14: 10 | B14: PAMBA | C14: PTTA | D14: 986.33 | F14: 965.5 | G14: 986.33 | H14: 981.46 | I14: 982 | J14: 983.5 | K14: 984.5 | L14: 31.15 | M14: 1.81 | N14: =ROUND((M14/L14)*100,2) -> 5.81 | O14: =(#REF!/L14) -> #REF! | P14: 2.61 | Q14: =ROUND((P14*1000000/(24*3600)),2) -> 30.21 | S14: 0 | T14: 0 | U14: =R14+S14 -> 0 | V14: 20 | X14: 0
A15: 11 | B15: PORINGALKUTHU | C15: TSR | D15: 423.98 | F15: 419.8 | G15: 423.98 | H15: 419.41 | I15: 421 | J15: 422 | K15: 423 | L15: 30.3 | M15: 19.25 | N15: =ROUND((M15/L15)*100,2) -> 63.53 | O15: =(#REF!/L15) -> #REF! | P15: 7.767 | Q15: =ROUND((P15*1000000/(24*3600)),2) -> 89.9 | R15: 4.781 | S15: 2.869 | T15: =Y15 -> 35.97 | U15: =R15+S15 -> 7.65 | V15: 36.2 | W15: Spillway gates are kept at crest level, +419.40m | X15: 1.87861 | Y15: =ROUND((0.1295*1000000/(1*3600)),2) -> 35.97 | AB15: =0.0294/8 -> 0.003675
A16: 12 | B16: KUNDALA | C16: IDK | D16: 1758.69 | F16: 1747.4 | G16: 1759.3 | I16: 1755 | J16: 1756 | K16: 1757 | L16: 7.65 | M16: 1.684 | N16: =ROUND((M16/L16)*100,2) -> 22.01 | O16: =(#REF!/L16) -> #REF! | P16: 0.036 | Q16: =ROUND((P16*1000000/(24*3600)),2) -> 0.42 | R16: 0 | S16: 0 | T16: 0 | U16: =R16+S16 -> 0 | V16: 7.6 | W16: Sluice discharge = 0.00 MCM. All gates are closed | X16: 0 | Y16: =ROUND((S16*1000000/(24*3600)),2) -> 0
A17: 13 | B17: KALLARKUTTY | C17: IDK | D17: 456.59 | F17: 452.95 | G17: 456.9 | H17: 450.2 | K17: 455 | L17: 6.43 | M17: 4.193 | N17: =ROUND((M17/L17)*100,2) -> 65.21 | O17: =(#REF!/L17) -> #REF! | P17: 3.3235 | Q17: =ROUND((P17*1000000/(24*3600)),2) -> 38.47 | R17: 2.8643 | S17: 0 | T17: 0 | U17: =R17+S17 -> 2.8643 | V17: 8 | X17: 1.3538 | Y17: =(S17*1000000)/(24*60*60) -> 0 | Z17: =ROUND((0.054*1000000/(24*3600)),2) -> 0.63
A18: 14 | B18: ERATTAYAR | C18: IDK | D18: 754.38 | F18: 747 | G18: 754.38 | H18: 748.28 | K18: 748.28 | L18: 5.292 | M18: 0.7129 | N18: =ROUND((M18/L18)*100,2) -> 13.47 | Q18: =ROUND((P18*1000000/(24*3600)),2) -> 0 | S18: 0 | T18: 0 | U18: =R18+S18 -> 0 | V18: 0 | X18: 0
A19: 15 | B19: LOWER PERIYAR | C19: IDK | D19: 253 | F19: 248.8 | G19: 256 | H19: 237.74 | K19: 252 | L19: 4.55 | M19: 2.822 | N19: =ROUND((M19/L19)*100,2) -> 62.02 | O19: =(#REF!/L19) -> #REF! | P19: 5.0023 | Q19: =ROUND((P19*1000000/(24*3600)),2) -> 57.9 | R19: 5.0803 | S19: 0 | T19: 0 | U19: =R19+S19 -> 5.0803 | V19: 14 | X19: 2.339 | Y19: =ROUND((S19*1000000/(24*3600)),2) -> 0 | AA19: =ROUND((0.1728*1000000/(3*3600)),2) -> 16
A20: 16 | B20: MOOZHIYAR | C20: PTTA | D20: 192.63 | F20: 185.6 | G20: 192.94 | H20: 186.53 | K20: 190 | L20: 1.16 | M20: 0.327 | N20: =ROUND((M20/L20)*100,2) -> 28.19 | O20: =(#REF!/L20) -> #REF! | P20: 1.2202 | Q20: =ROUND((P20*1000000/(24*3600)),2) -> 14.12 | R20: 0.9581 | S20: 0 | T20: 0 | U20: =R20+S20 -> 0.9581 | V20: 38 | X20: 0.2948 | Y20: =ROUND((S20*1000000/(24*3600)),2) -> 0 | Z20: =ROUND((S20*1000000/(24*3600)),2) -> 0
A21: 17 | B21: KALLAR | C21: IDK | D21: 824.48 | F21: 820.3 | G21: 824.48 | H21: 818.38 | K21: 823.5 | L21: 0.763 | M21: 0.1949 | N21: =ROUND((M21/L21)*100,2) -> 25.54 | Q21: =ROUND((P21*1000000/(24*3600)),2) -> 0 | S21: 0 | T21: 0 | U21: =R21+S21 -> 0 | V21: 0 | X21: 0
A22: 18 | B22: SENGULAM | C22: IDK | D22: 847.64 | F22: 846.55 | G22: 849.49 | H22: 847.64 | L22: 0.39 | M22: 0.13 | N22: =ROUND((M22/L22)*100,2) -> 33.33 | O22: =(#REF!/L22) -> #REF! | P22: 1.2066 | Q22: =ROUND((P22*1000000/(24*3600)),2) -> 13.97 | R22: 1.218438 | S22: 0 | T22: 0 | U22: =R22+S22 -> 1.218438 | V22: 4.2 | X22: 0.9594
B23: Grand Total | L23: =SUM(L5:L22) -> 3547.554 | M23: =ROUND(SUM(M5:M22),2) -> 1073.13 | N23: =ROUND((M23/L23)*100,2) -> 30.25 | O23: =(#REF!/L23) -> #REF!
B25: Spilling Dams : Poringalkuthu | T25: Deputy Chief Engineer

Sheet 12.07.2026
A1: KERALA STATE ELECTRICITY BOARD LIMITED
A2: DAILY REPORT - WATER LEVELS OF MAJOR RESERVOIRS (As on 12.07.2026) 7.00 AM.
A3: Sl. No. | B3: Name of Reservoir | C3: District | D3: FRL (metre) | E3: Rule level (metre) | F3: Water level on date (metre) | G3: MWL (metre) | H3: Spillway Crest Level (metre) | I3: Blue Alert level (metre) | J3: Orange Alert level (metre) | K3: Red Alert Level (metre) | L3: Live Storage at FRL (MCM) | M3: Live Storage (MCM) | N3: % Storage | O3: % Storage wrt Live Storage at FRL | P3: Inflow (MCM) | Q3: Average Inflow (Cumecs) | R3: Power House Discharge (MCM) | S3: Spill (MCM) | T3: Current Spillway release (Cumecs) | U3: Total Outflow (MCM) | V3: Rain fall (mm) | W3: Remarks | X3: Generation (MU) | AA3: =0.224/8 -> 0.028
A4: 1 | B4: 2 | C4: 3 | D4: 4 | E4: 5 | F4: 6 | I4: 7 | J4: 8 | K4: 9 | M4: 10 | N4: 11 | O4: 15 | P4: 12 | Q4: 13 | R4: 14 | S4: 15 | T4: 16 | U4: 17=14+15 | V4: 18 | W4: 19
A5: 1 | B5: IDUKKI | C5: IDK | D5: 2403 | E5: 2377.95 | F5: 2327.7 | G5: 2408.5 ft | H5: 2373 ft | I5: =E5-8 -> 2369.95 | J5: =E5-2 -> 2375.95 | K5: =E5-1 -> 2376.95 | L5: 1459.49 | M5: 415.113 | N5: =ROUND((M5/L5)*100,2) -> 28.44 | O5: =(#REF!/L5) -> #REF! | P5: 7.991 | Q5: =ROUND((P5*1000000/(24*3600)),2) -> 92.49 | R5: 2.4838 | S5: 0 | T5: 0 | U5: =R5+S5 -> 2.4838 | V5: 8 | X5: 3.609
A6: 2 | B6: IDAMALAYAR | C6: EKM | D6: 169 | E6: 161.75 | F6: 142.8 | G6: 171 | H6: 161 | I6: =E6-1.5 -> 160.25 | J6: =E6-1 -> 160.75 | K6: =E6-0.5 -> 161.25 | L6: 1017.8 | M6: 363.38 | N6: =ROUND((M6/L6)*100,2) -> 35.7 | O6: =(#REF!/L6) -> #REF! | P6: 7.0593 | Q6: =ROUND((P6*1000000/(24*3600)),2) -> 81.7 | R6: 1.244 | S6: 0 | T6: 0 | U6: =R6+S6 -> 1.244 | V6: 6.4 | X6: 0.3074
A7: 3 | B7: KAKKI - ANATHODE | C7: PTTA | D7: 981.46 | E7: 975.36 | F7: 953.43 | G7: 982.16 | H7: 975.36 | I7: =E7-2 -> 973.36 | J7: =E7-1 -> 974.36 | K7: =E7-0.5 -> 974.86 | L7: 446.51 | M7: 132.1 | N7: =ROUND((M7/L7)*100,2) -> 29.59 | O7: =(#REF!/L7) -> #REF! | P7: 3.0796 | Q7: =ROUND((P7*1000000/(24*3600)),2) -> 35.64 | R7: 0.669 | S7: 0 | T7: 0 | U7: =R7+S7 -> 0.669 | V7: 11 | X7: 1.08
A8: 4 | B8: BANASURASAGAR (K A S) | C8: WND | D8: 775.6 | E8: 773.5 | F8: 761.4 | G8: 775.6 | H8: 767 | I8: =E8-1.5 -> 772 | J8: =E8-1 -> 772.5 | K8: =E8-0.5 -> 773 | L8: 201 | M8: 54.95 | N8: =ROUND((M8/L8)*100,2) -> 27.34 | O8: =(#REF!/L8) -> #REF! | P8: 1 | Q8: =ROUND((P8*1000000/(24*3600)),2) -> 11.57 | S8: 0 | T8: 0 | U8: =R8+S8 -> 0 | V8: 0 | W8: Tunnel fully closed on 29.06.'26 at 11.15 am. Tunnel discharge- Nil | Z8: =0.16/8 -> 0.02
A9: 5 | B9: SHOLAYAR | C9: TSR | D9: 2663 | F9: 2607.2 | G9: 2663 ft | H9: 2642 ft | I9: 2658 | J9: 2660 | K9: 2661 | L9: 149.089 | M9: 38.99 | N9: =ROUND((M9/L9)*100,2) -> 26.15 | O9: =(#REF!/L9) -> #REF! | P9: 1.8689 | Q9: =ROUND((P9*1000000/(24*3600)),2) -> 21.63 | R9: 0 | S9: 0 | T9: 0 | U9: =R9+S9 -> 0 | V9: 17 | X9: 0
A10: 6 | B10: MADUPETTY | C10: IDK | D10: 1599.59 | F10: 1569.55 | G10: 1599.59 | H10: 1594.71 | I10: 1596 | J10: 1597 | K10: 1598 | L10: 54.77 | M10: 3.84 | N10: =ROUND((M10/L10)*100,2) -> 7.01 | O10: =(#REF!/L10) -> #REF! | P10: 0.25 | Q10: =ROUND((P10*1000000/(24*3600)),2) -> 2.89 | R10: 0 | S10: 0 | T10: =Y10 -> 0 | U10: =R10+S10 -> 0 | V10: 0.4 | W10: Sluice discharge =0.00 MCM | X10: 0 | Y10: =(S10*1000000)/(24*60*60) -> 0
A11: 7 | B11: ANAYIRANKAL | C11: IDK | D11: 1207.02 | F11: 1195.55 | G11: 1210.07 | H11: 1207.02 | I11: 1205.02 | J11: 1206.02 | K11: 1207.02 | L11: 49.83 | M11: 10.9888 | N11: =ROUND((M11/L11)*100,2) -> 22.05 | O11: =(#REF!/L11) -> #REF! | P11: 0.0694 | Q11: =ROUND((P11*1000000/(24*3600)),2) -> 0.8 | S11: 0 | T11: 0 | U11: =R11+S11 -> 0 | V11: 0 | W11: (Sluice gate fully closed @ 4.00 pm on 05.06.'26) | X11: 0 | Y11: =ROUND((S11*1000000/(24*3600)),2) -> 0
A12: 8 | B12: PONMUDI | C12: IDK | D12: 707.75 | F12: 694 | G12: 708.66 | H12: 701.35 | I12: 704.5 | J12: 705.5 | K12: 706.5 | L12: 47.4 | M12: 20.3424 | N12: =ROUND((M12/L12)*100,2) -> 42.92 | O12: =(#REF!/L12) -> #REF! | P12: 0.587 | Q12: =ROUND((P12*1000000/(24*3600)),2) -> 6.79 | R12: 1.25572 | S12: 0 | T12: 0 | U12: =R12+S12 -> 1.25572 | V12: 5 | X12: 0.5157 | Y12: =ROUND((S12*1000000/(24*3600)),2) -> 0
A13: 9 | B13: KUTTIYADI (KAKKAYAM) | C13: KKD | D13: 758.04 | F13: 750.14 | G13: 758.04 | H13: 751.64 | I13: 755.5 | J13: 756.5 | K13: 757.5 | L13: 33.98 | M13: 16.074 | N13: =ROUND((M13/L13)*100,2) -> 47.3 | O13: =(#REF!/L13) -> #REF! | P13: 0.8282 | Q13: =ROUND((P13*1000000/(24*3600)),2) -> 9.59 | R13: 3.1442 | S13: 0 | T13: 0 | U13: =R13+S13 -> 3.1442 | V13: 5 | X13: 4.4449
A14: 10 | B14: PAMBA | C14: PTTA | D14: 986.33 | F14: 965.4 | G14: 986.33 | H14: 981.46 | I14: 982 | J14: 983.5 | K14: 984.5 | L14: 31.15 | M14: 1.73 | N14: =ROUND((M14/L14)*100,2) -> 5.55 | O14: =(#REF!/L14) -> #REF! | P14: 2.4061 | Q14: =ROUND((P14*1000000/(24*3600)),2) -> 27.85 | S14: 0 | T14: 0 | U14: =R14+S14 -> 0 | V14: 8 | X14: 0
A15: 11 | B15: PORINGALKUTHU | C15: TSR | D15: 423.98 | F15: 419.5 | G15: 423.98 | H15: 419.41 | I15: 421 | J15: 422 | K15: 423 | L15: 30.3 | M15: 18.5 | N15: =ROUND((M15/L15)*100,2) -> 61.06 | O15: =(#REF!/L15) -> #REF! | P15: 6.0279 | Q15: =ROUND((P15*1000000/(24*3600)),2) -> 69.77 | R15: 4.79 | S15: 1.9887 | T15: =Y15 -> 7.78 | U15: =R15+S15 -> 6.7787 | V15: 13 | W15: Spillway gates are kept at crest level, +419.40m | X15: 1.88182 | Y15: =ROUND((0.028*1000000/(1*3600)),2) -> 7.78 | AB15: =0.0294/8 -> 0.003675
A16: 12 | B16: KUNDALA | C16: IDK | D16: 1758.69 | F16: 1747.5 | G16: 1759.3 | I16: 1755 | J16: 1756 | K16: 1757 | L16: 7.65 | M16: 1.72 | N16: =ROUND((M16/L16)*100,2) -> 22.48 | O16: =(#REF!/L16) -> #REF! | P16: 0.036 | Q16: =ROUND((P16*1000000/(24*3600)),2) -> 0.42 | R16: 0 | S16: 0 | T16: 0 | U16: =R16+S16 -> 0 | V16: 1 | W16: Sluice discharge = 0.00 MCM. All gates are closed | X16: 0 | Y16: =ROUND((S16*1000000/(24*3600)),2) -> 0
A17: 13 | B17: KALLARKUTTY | C17: IDK | D17: 456.59 | F17: 452.9 | G17: 456.9 | H17: 450.2 | K17: 455 | L17: 6.43 | M17: 4.168 | N17: =ROUND((M17/L17)*100,2) -> 64.82 | O17: =(#REF!/L17) -> #REF! | P17: 3.4728 | Q17: =ROUND((P17*1000000/(24*3600)),2) -> 40.19 | R17: 3.4983 | S17: 0 | T17: 0 | U17: =R17+S17 -> 3.4983 | V17: 5 | X17: 1.6422 | Y17: =(S17*1000000)/(24*60*60) -> 0 | Z17: =ROUND((0.054*1000000/(24*3600)),2) -> 0.63
A18: 14 | B18: ERATTAYAR | C18: IDK | D18: 754.38 | F18: 747 | G18: 754.38 | H18: 748.28 | K18: 748.28 | L18: 5.292 | M18: 0.7129 | N18: =ROUND((M18/L18)*100,2) -> 13.47 | Q18: =ROUND((P18*1000000/(24*3600)),2) -> 0 | S18: 0 | T18: 0 | U18: =R18+S18 -> 0 | V18: 0 | X18: 0
A19: 15 | B19: LOWER PERIYAR | C19: IDK | D19: 253 | F19: 247.6 | G19: 256 | H19: 237.74 | K19: 252 | L19: 4.55 | M19: 2.386 | N19: =ROUND((M19/L19)*100,2) -> 52.44 | O19: =(#REF!/L19) -> #REF! | P19: 5.4197 | Q19: =ROUND((P19*1000000/(24*3600)),2) -> 62.73 | R19: 5.8557 | S19: 0 | T19: 0 | U19: =R19+S19 -> 5.8557 | V19: 10 | X19: 2.696 | Y19: =ROUND((S19*1000000/(24*3600)),2) -> 0 | AA19: =ROUND((0.1728*1000000/(3*3600)),2) -> 16
A20: 16 | B20: MOOZHIYAR | C20: PTTA | D20: 192.63 | F20: 185.85 | G20: 192.94 | H20: 186.53 | K20: 190 | L20: 1.16 | M20: 0.351 | N20: =ROUND((M20/L20)*100,2) -> 30.26 | O20: =(#REF!/L20) -> #REF! | P20: 1.2088 | Q20: =ROUND((P20*1000000/(24*3600)),2) -> 13.99 | R20: 1.106 | S20: 0 | T20: 0 | U20: =R20+S20 -> 1.106 | V20: 9 | X20: 0.34032 | Y20: =ROUND((S20*1000000/(24*3600)),2) -> 0 | Z20: =ROUND((S20*1000000/(24*3600)),2) -> 0
A21: 17 | B21: KALLAR | C21: IDK | D21: 824.48 | F21: 820.3 | G21: 824.48 | H21: 818.38 | K21: 823.5 | L21: 0.763 | M21: 0.1949 | N21: =ROUND((M21/L21)*100,2) -> 25.54 | Q21: =ROUND((P21*1000000/(24*3600)),2) -> 0 | S21: 0 | T21: 0 | U21: =R21+S21 -> 0 | V21: 0 | X21: 0
A22: 18 | B22: SENGULAM | C22: IDK | D22: 847.64 | F22: 846.8 | G22: 849.49 | H22: 847.64 | L22: 0.39 | M22: 0.189 | N22: =ROUND((M22/L22)*100,2) -> 48.46 | O22: =(#REF!/L22) -> #REF! | P22: 1.2952 | Q22: =ROUND((P22*1000000/(24*3600)),2) -> 14.99 | R22: 1.236091 | S22: 0 | T22: 0 | U22: =R22+S22 -> 1.236091 | V22: 1.4 | X22: 0.9733
B23: Grand Total | L23: =SUM(L5:L22) -> 3547.554 | M23: =ROUND(SUM(M5:M22),2) -> 1085.73 | N23: =ROUND((M23/L23)*100,2) -> 30.61 | O23: =(#REF!/L23) -> #REF!
B25: Spilling Dams : Poringalkuthu | T25: Deputy Chief Engineer

Sheet 13.07.2026
A1: KERALA STATE ELECTRICITY BOARD LIMITED
A2: DAILY REPORT - WATER LEVELS OF MAJOR RESERVOIRS (As on 13.07.2026) 7.00 AM.
A3: Sl. No. | B3: Name of Reservoir | C3: District | D3: FRL (metre) | E3: Rule level (metre) | F3: Water level on date (metre) | G3: MWL (metre) | H3: Spillway Crest Level (metre) | I3: Blue Alert level (metre) | J3: Orange Alert level (metre) | K3: Red Alert Level (metre) | L3: Live Storage at FRL (MCM) | M3: Live Storage (MCM) | N3: % Storage | O3: % Storage wrt Live Storage at FRL | P3: Inflow (MCM) | Q3: Average Inflow (Cumecs) | R3: Power House Discharge (MCM) | S3: Spill (MCM) | T3: Current Spillway release (Cumecs) | U3: Total Outflow (MCM) | V3: Rain fall (mm) | W3: Remarks | X3: Generation (MU) | AA3: =0.224/8 -> 0.028
A4: 1 | B4: 2 | C4: 3 | D4: 4 | E4: 5 | F4: 6 | I4: 7 | J4: 8 | K4: 9 | M4: 10 | N4: 11 | O4: 15 | P4: 12 | Q4: 13 | R4: 14 | S4: 15 | T4: 16 | U4: 17=14+15 | V4: 18 | W4: 19
A5: 1 | B5: IDUKKI | C5: IDK | D5: 2403 | E5: 2377.95 | F5: 2328.12 | G5: 2408.5 ft | H5: 2373 ft | I5: =E5-8 -> 2369.95 | J5: =E5-2 -> 2375.95 | K5: =E5-1 -> 2376.95 | L5: 1459.49 | M5: 419.605 | N5: =ROUND((M5/L5)*100,2) -> 28.75 | O5: =(#REF!/L5) -> #REF! | P5: 6.41 | Q5: =ROUND((P5*1000000/(24*3600)),2) -> 74.19 | R5: 1.7629 | S5: 0 | T5: 0 | U5: =R5+S5 -> 1.7629 | V5: 5 | X5: 2.562
A6: 2 | B6: IDAMALAYAR | C6: EKM | D6: 169 | E6: 161.75 | F6: 142.99 | G6: 171 | H6: 161 | I6: =E6-1.5 -> 160.25 | J6: =E6-1 -> 160.75 | K6: =E6-0.5 -> 161.25 | L6: 1017.8 | M6: 367.056 | N6: =ROUND((M6/L6)*100,2) -> 36.06 | O6: =(#REF!/L6) -> #REF! | P6: 4.2114 | Q6: =ROUND((P6*1000000/(24*3600)),2) -> 48.74 | R6: 0.5312 | S6: 0 | T6: 0 | U6: =R6+S6 -> 0.5312 | V6: 3 | X6: 0.1315
A7: 3 | B7: KAKKI - ANATHODE | C7: PTTA | D7: 981.46 | E7: 975.36 | F7: 953.79 | G7: 982.16 | H7: 975.36 | I7: =E7-2 -> 973.36 | J7: =E7-1 -> 974.36 | K7: =E7-0.5 -> 974.86 | L7: 446.51 | M7: 134.44 | N7: =ROUND((M7/L7)*100,2) -> 30.11 | O7: =(#REF!/L7) -> #REF! | P7: 2.7105 | Q7: =ROUND((P7*1000000/(24*3600)),2) -> 31.37 | R7: 0.3705 | S7: 0 | T7: 0 | U7: =R7+S7 -> 0.3705 | V7: 15 | X7: 0.5975
A8: 4 | B8: BANASURASAGAR (K A S) | C8: WND | D8: 775.6 | E8: 773.5 | F8: 761.5 | G8: 775.6 | H8: 767 | I8: =E8-1.5 -> 772 | J8: =E8-1 -> 772.5 | K8: =E8-0.5 -> 773 | L8: 201 | M8: 55.75 | N8: =ROUND((M8/L8)*100,2) -> 27.74 | O8: =(#REF!/L8) -> #REF! | P8: 0.8 | Q8: =ROUND((P8*1000000/(24*3600)),2) -> 9.26 | S8: 0 | T8: 0 | U8: =R8+S8 -> 0 | V8: 0 | W8: Tunnel fully closed on 29.06.'26 at 11.15 am. Tunnel discharge- Nil | Z8: =0.16/8 -> 0.02
A9: 5 | B9: SHOLAYAR | C9: TSR | D9: 2663 | F9: 2608.7 | G9: 2663 ft | H9: 2642 ft | I9: 2658 | J9: 2660 | K9: 2661 | L9: 149.089 | M9: 40.88 | N9: =ROUND((M9/L9)*100,2) -> 27.42 | O9: =(#REF!/L9) -> #REF! | P9: 1.8888 | Q9: =ROUND((P9*1000000/(24*3600)),2) -> 21.86 | R9: 0 | S9: 0 | T9: 0 | U9: =R9+S9 -> 0 | V9: 6 | X9: 0
A10: 6 | B10: MADUPETTY | C10: IDK | D10: 1599.59 | F10: 1569.7 | G10: 1599.59 | H10: 1594.71 | I10: 1596 | J10: 1597 | K10: 1598 | L10: 54.77 | M10: 3.99 | N10: =ROUND((M10/L10)*100,2) -> 7.29 | O10: =(#REF!/L10) -> #REF! | P10: 0.15 | Q10: =ROUND((P10*1000000/(24*3600)),2) -> 1.74 | R10: 0 | S10: 0 | T10: =Y10 -> 0 | U10: =R10+S10 -> 0 | V10: 0 | W10: Sluice discharge =0.00 MCM | X10: 0 | Y10: =(S10*1000000)/(24*60*60) -> 0
A11: 7 | B11: ANAYIRANKAL | C11: IDK | D11: 1207.02 | F11: 1195.6 | G11: 1210.07 | H11: 1207.02 | I11: 1205.02 | J11: 1206.02 | K11: 1207.02 | L11: 49.83 | M11: 11.0755 | N11: =ROUND((M11/L11)*100,2) -> 22.23 | O11: =(#REF!/L11) -> #REF! | P11: 0.0867 | Q11: =ROUND((P11*1000000/(24*3600)),2) -> 1 | S11: 0 | T11: 0 | U11: =R11+S11 -> 0 | V11: 0 | W11: (Sluice gate fully closed @ 4.00 pm on 05.06.'26) | X11: 0 | Y11: =ROUND((S11*1000000/(24*3600)),2) -> 0
A12: 8 | B12: PONMUDI | C12: IDK | D12: 707.75 | F12: 694.2 | G12: 708.66 | H12: 701.35 | I12: 704.5 | J12: 705.5 | K12: 706.5 | L12: 47.4 | M12: 20.6768 | N12: =ROUND((M12/L12)*100,2) -> 43.62 | O12: =(#REF!/L12) -> #REF! | P12: 0.8964 | Q12: =ROUND((P12*1000000/(24*3600)),2) -> 10.38 | R12: 0.56199 | S12: 0 | T12: 0 | U12: =R12+S12 -> 0.56199 | V12: 2 | X12: 0.2308 | Y12: =ROUND((S12*1000000/(24*3600)),2) -> 0
A13: 9 | B13: KUTTIYADI (KAKKAYAM) | C13: KKD | D13: 758.04 | F13: 750.14 | G13: 758.04 | H13: 751.64 | I13: 755.5 | J13: 756.5 | K13: 757.5 | L13: 33.98 | M13: 16.074 | N13: =ROUND((M13/L13)*100,2) -> 47.3 | O13: =(#REF!/L13) -> #REF! | P13: 1.8241 | Q13: =ROUND((P13*1000000/(24*3600)),2) -> 21.11 | R13: 1.8241 | S13: 0 | T13: 0 | U13: =R13+S13 -> 1.8241 | V13: 7 | X13: 2.5749
A14: 10 | B14: PAMBA | C14: PTTA | D14: 986.33 | F14: 965.35 | G14: 986.33 | H14: 981.46 | I14: 982 | J14: 983.5 | K14: 984.5 | L14: 31.15 | M14: 1.69 | N14: =ROUND((M14/L14)*100,2) -> 5.43 | O14: =(#REF!/L14) -> #REF! | P14: 2.3 | Q14: =ROUND((P14*1000000/(24*3600)),2) -> 26.62 | S14: 0 | T14: 0 | U14: =R14+S14 -> 0 | V14: 11 | X14: 0
A15: 11 | B15: PORINGALKUTHU | C15: TSR | D15: 423.98 | F15: 419.05 | G15: 423.98 | H15: 419.41 | I15: 421 | J15: 422 | K15: 423 | L15: 30.3 | M15: 17.38 | N15: =ROUND((M15/L15)*100,2) -> 57.36 | O15: =(#REF!/L15) -> #REF! | P15: 3.735 | Q15: =ROUND((P15*1000000/(24*3600)),2) -> 43.23 | R15: 4.7754 | S15: 0.0847 | T15: =Y15 -> 0 | U15: =R15+S15 -> 4.8601 | V15: 5.1 | W15: Spillway gates are kept at crest level, +419.40m | X15: 1.8766 | Y15: =ROUND((0*1000000/(1*3600)),2) -> 0 | AB15: =0.0294/8 -> 0.003675
A16: 12 | B16: KUNDALA | C16: IDK | D16: 1758.69 | F16: 1747.6 | G16: 1759.3 | I16: 1755 | J16: 1756 | K16: 1757 | L16: 7.65 | M16: 1.756 | N16: =ROUND((M16/L16)*100,2) -> 22.95 | O16: =(#REF!/L16) -> #REF! | P16: 0.036 | Q16: =ROUND((P16*1000000/(24*3600)),2) -> 0.42 | R16: 0 | S16: 0 | T16: 0 | U16: =R16+S16 -> 0 | V16: 0 | W16: Sluice discharge = 0.00 MCM. All gates are closed | X16: 0 | Y16: =ROUND((S16*1000000/(24*3600)),2) -> 0
A17: 13 | B17: KALLARKUTTY | C17: IDK | D17: 456.59 | F17: 452.4 | G17: 456.9 | H17: 450.2 | K17: 455 | L17: 6.43 | M17: 3.913 | N17: =ROUND((M17/L17)*100,2) -> 60.86 | O17: =(#REF!/L17) -> #REF! | P17: 1.7553 | Q17: =ROUND((P17*1000000/(24*3600)),2) -> 20.32 | R17: 2.0104 | S17: 0 | T17: 0 | U17: =R17+S17 -> 2.0104 | V17: 2 | X17: 0.9303 | Y17: =(S17*1000000)/(24*60*60) -> 0 | Z17: =ROUND((0.054*1000000/(24*3600)),2) -> 0.63
A18: 14 | B18: ERATTAYAR | C18: IDK | D18: 754.38 | F18: 747 | G18: 754.38 | H18: 748.28 | K18: 748.28 | L18: 5.292 | M18: 0.7129 | N18: =ROUND((M18/L18)*100,2) -> 13.47 | Q18: =ROUND((P18*1000000/(24*3600)),2) -> 0 | S18: 0 | T18: 0 | U18: =R18+S18 -> 0 | V18: 0 | X18: 0
A19: 15 | B19: LOWER PERIYAR | C19: IDK | D19: 253 | F19: 248.8 | G19: 256 | H19: 237.74 | K19: 252 | L19: 4.55 | M19: 2.822 | N19: =ROUND((M19/L19)*100,2) -> 62.02 | O19: =(#REF!/L19) -> #REF! | P19: 2.7144 | Q19: =ROUND((P19*1000000/(24*3600)),2) -> 31.42 | R19: 2.2784 | S19: 0 | T19: 0 | U19: =R19+S19 -> 2.2784 | V19: 5 | X19: 1.049 | Y19: =ROUND((S19*1000000/(24*3600)),2) -> 0 | AA19: =ROUND((0.1728*1000000/(3*3600)),2) -> 16
A20: 16 | B20: MOOZHIYAR | C20: PTTA | D20: 192.63 | F20: 185.3 | G20: 192.94 | H20: 186.53 | K20: 190 | L20: 1.16 | M20: 0.308 | N20: =ROUND((M20/L20)*100,2) -> 26.55 | O20: =(#REF!/L20) -> #REF! | P20: 0.8571 | Q20: =ROUND((P20*1000000/(24*3600)),2) -> 9.92 | R20: 0.9759 | S20: 0 | T20: 0 | U20: =R20+S20 -> 0.9759 | V20: 6 | X20: 0.30028 | Y20: =ROUND((S20*1000000/(24*3600)),2) -> 0 | Z20: =ROUND((S20*1000000/(24*3600)),2) -> 0
A21: 17 | B21: KALLAR | C21: IDK | D21: 824.48 | F21: 820.3 | G21: 824.48 | H21: 818.38 | K21: 823.5 | L21: 0.763 | M21: 0.1949 | N21: =ROUND((M21/L21)*100,2) -> 25.54 | Q21: =ROUND((P21*1000000/(24*3600)),2) -> 0 | S21: 0 | T21: 0 | U21: =R21+S21 -> 0 | V21: 0 | X21: 0
A22: 18 | B22: SENGULAM | C22: IDK | D22: 847.64 | F22: 846.5 | G22: 849.49 | H22: 847.64 | L22: 0.39 | M22: 0.118 | N22: =ROUND((M22/L22)*100,2) -> 30.26 | O22: =(#REF!/L22) -> #REF! | P22: 0.8718 | Q22: =ROUND((P22*1000000/(24*3600)),2) -> 10.09 | R22: 0.942721 | S22: 0 | T22: 0 | U22: =R22+S22 -> 0.942721 | V22: 0 | X22: 0.7423
B23: Grand Total | L23: =SUM(L5:L22) -> 3547.554 | M23: =ROUND(SUM(M5:M22),2) -> 1098.44 | N23: =ROUND((M23/L23)*100,2) -> 30.96 | O23: =(#REF!/L23) -> #REF!
B25: Spilling Dams : | T25: Deputy Chief Engineer

Sheet 14.07.2026
A1: KERALA STATE ELECTRICITY BOARD LIMITED
A2: DAILY REPORT - WATER LEVELS OF MAJOR RESERVOIRS (As on 14.07.2026) 7.00 AM.
A3: Sl. No. | B3: Name of Reservoir | C3: District | D3: FRL (metre) | E3: Rule level (metre) | F3: Water level on date (metre) | G3: MWL (metre) | H3: Spillway Crest Level (metre) | I3: Blue Alert level (metre) | J3: Orange Alert level (metre) | K3: Red Alert Level (metre) | L3: Live Storage at FRL (MCM) | M3: Live Storage (MCM) | N3: % Storage | O3: % Storage wrt Live Storage at FRL | P3: Inflow (MCM) | Q3: Average Inflow (Cumecs) | R3: Power House Discharge (MCM) | S3: Spill (MCM) | T3: Current Spillway release (Cumecs) | U3: Total Outflow (MCM) | V3: Rain fall (mm) | W3: Remarks | X3: Generation (MU) | AA3: =0.224/8 -> 0.028
A4: 1 | B4: 2 | C4: 3 | D4: 4 | E4: 5 | F4: 6 | I4: 7 | J4: 8 | K4: 9 | M4: 10 | N4: 11 | O4: 15 | P4: 12 | Q4: 13 | R4: 14 | S4: 15 | T4: 16 | U4: 17=14+15 | V4: 18 | W4: 19
A5: 1 | B5: IDUKKI | C5: IDK | D5: 2403 | E5: 2377.95 | F5: 2328.24 | G5: 2408.5 ft | H5: 2373 ft | I5: =E5-8 -> 2369.95 | J5: =E5-2 -> 2375.95 | K5: =E5-1 -> 2376.95 | L5: 1459.49 | M5: 420.886 | N5: =ROUND((M5/L5)*100,2) -> 28.84 | O5: =(#REF!/L5) -> #REF! | P5: 5.35 | Q5: =ROUND((P5*1000000/(24*3600)),2) -> 61.92 | R5: 3.9144 | S5: 0 | T5: 0 | U5: =R5+S5 -> 3.9144 | V5: 1.2 | X5: 5.639
A6: 2 | B6: IDAMALAYAR | C6: EKM | D6: 169 | E6: 161.75 | F6: 143.15 | G6: 171 | H6: 161 | I6: =E6-1.5 -> 160.25 | J6: =E6-1 -> 160.75 | K6: =E6-0.5 -> 161.25 | L6: 1017.8 | M6: 370.153 | N6: =ROUND((M6/L6)*100,2) -> 36.37 | O6: =(#REF!/L6) -> #REF! | P6: 4.5648 | Q6: =ROUND((P6*1000000/(24*3600)),2) -> 52.83 | R6: 1.4447 | S6: 0 | T6: 0 | U6: =R6+S6 -> 1.4447 | V6: 0 | X6: 0.3582
A7: 3 | B7: KAKKI - ANATHODE | C7: PTTA | D7: 981.46 | E7: 975.36 | F7: 953.97 | G7: 982.16 | H7: 975.36 | I7: =E7-2 -> 973.36 | J7: =E7-1 -> 974.36 | K7: =E7-0.5 -> 974.86 | L7: 446.51 | M7: 135.69 | N7: =ROUND((M7/L7)*100,2) -> 30.39 | O7: =(#REF!/L7) -> #REF! | P7: 2.2832 | Q7: =ROUND((P7*1000000/(24*3600)),2) -> 26.43 | R7: 1.0332 | S7: 0 | T7: 0 | U7: =R7+S7 -> 1.0332 | V7: 3 | X7: 1.6664
A8: 4 | B8: BANASURASAGAR (K A S) | C8: WND | D8: 775.6 | E8: 773.5 | F8: 761.6 | G8: 775.6 | H8: 767 | I8: =E8-1.5 -> 772 | J8: =E8-1 -> 772.5 | K8: =E8-0.5 -> 773 | L8: 201 | M8: 56.35 | N8: =ROUND((M8/L8)*100,2) -> 28.03 | O8: =(#REF!/L8) -> #REF! | P8: 0.6 | Q8: =ROUND((P8*1000000/(24*3600)),2) -> 6.94 | S8: 0 | T8: 0 | U8: =R8+S8 -> 0 | V8: 0 | W8: Tunnel fully closed on 29.06.'26 at 11.15 am. Tunnel discharge- Nil | Z8: =0.16/8 -> 0.02
A9: 5 | B9: SHOLAYAR | C9: TSR | D9: 2663 | F9: 2609.5 | G9: 2663 ft | H9: 2642 ft | I9: 2658 | J9: 2660 | K9: 2661 | L9: 149.089 | M9: 41.91 | N9: =ROUND((M9/L9)*100,2) -> 28.11 | O9: =(#REF!/L9) -> #REF! | P9: 1.3449 | Q9: =ROUND((P9*1000000/(24*3600)),2) -> 15.57 | R9: 0.3113 | S9: 0 | T9: 0 | U9: =R9+S9 -> 0.3113 | V9: 0 | X9: 0.2002
A10: 6 | B10: MADUPETTY | C10: IDK | D10: 1599.59 | F10: 1569.9 | G10: 1599.59 | H10: 1594.71 | I10: 1596 | J10: 1597 | K10: 1598 | L10: 54.77 | M10: 4.19 | N10: =ROUND((M10/L10)*100,2) -> 7.65 | O10: =(#REF!/L10) -> #REF! | P10: 0.2 | Q10: =ROUND((P10*1000000/(24*3600)),2) -> 2.31 | R10: 0 | S10: 0 | T10: =Y10 -> 0 | U10: =R10+S10 -> 0 | V10: 0 | W10: Sluice discharge =0.00 MCM | X10: 0 | Y10: =(S10*1000000)/(24*60*60) -> 0
A11: 7 | B11: ANAYIRANKAL | C11: IDK | D11: 1207.02 | F11: 1195.63 | G11: 1210.07 | H11: 1207.02 | I11: 1205.02 | J11: 1206.02 | K11: 1207.02 | L11: 49.83 | M11: 11.1275 | N11: =ROUND((M11/L11)*100,2) -> 22.33 | O11: =(#REF!/L11) -> #REF! | P11: 0.052 | Q11: =ROUND((P11*1000000/(24*3600)),2) -> 0.6 | S11: 0 | T11: 0 | U11: =R11+S11 -> 0 | V11: 0 | W11: (Sluice gate fully closed @ 4.00 pm on 05.06.'26) | X11: 0 | Y11: =ROUND((S11*1000000/(24*3600)),2) -> 0
A12: 8 | B12: PONMUDI | C12: IDK | D12: 707.75 | F12: 694.15 | G12: 708.66 | H12: 701.35 | I12: 704.5 | J12: 705.5 | K12: 706.5 | L12: 47.4 | M12: 20.5932 | N12: =ROUND((M12/L12)*100,2) -> 43.45 | O12: =(#REF!/L12) -> #REF! | P12: 0.3922 | Q12: =ROUND((P12*1000000/(24*3600)),2) -> 4.54 | R12: 0.47579 | S12: 0 | T12: 0 | U12: =R12+S12 -> 0.47579 | V12: 0 | X12: 0.1954 | Y12: =ROUND((S12*1000000/(24*3600)),2) -> 0
A13: 9 | B13: KUTTIYADI (KAKKAYAM) | C13: KKD | D13: 758.04 | F13: 750.02 | G13: 758.04 | H13: 751.64 | I13: 755.5 | J13: 756.5 | K13: 757.5 | L13: 33.98 | M13: 15.83 | N13: =ROUND((M13/L13)*100,2) -> 46.59 | O13: =(#REF!/L13) -> #REF! | P13: 0.6375 | Q13: =ROUND((P13*1000000/(24*3600)),2) -> 7.38 | R13: 0.8815 | S13: 0 | T13: 0 | U13: =R13+S13 -> 0.8815 | V13: 5 | X13: 1.2454
A14: 10 | B14: PAMBA | C14: PTTA | D14: 986.33 | F14: 965.15 | G14: 986.33 | H14: 981.46 | I14: 982 | J14: 983.5 | K14: 984.5 | L14: 31.15 | M14: 1.53 | N14: =ROUND((M14/L14)*100,2) -> 4.91 | O14: =(#REF!/L14) -> #REF! | P14: 1.976 | Q14: =ROUND((P14*1000000/(24*3600)),2) -> 22.87 | S14: 0 | T14: 0 | U14: =R14+S14 -> 0 | V14: 0 | X14: 0
A15: 11 | B15: PORINGALKUTHU | C15: TSR | D15: 423.98 | F15: 418.3 | G15: 423.98 | H15: 419.41 | I15: 421 | J15: 422 | K15: 423 | L15: 30.3 | M15: 15.75 | N15: =ROUND((M15/L15)*100,2) -> 51.98 | O15: =(#REF!/L15) -> #REF! | P15: 3.1 | Q15: =ROUND((P15*1000000/(24*3600)),2) -> 35.88 | R15: 4.73 | S15: 0 | T15: =Y15 -> 0 | U15: =R15+S15 -> 4.73 | V15: 1 | W15: Spillway gates are kept at crest level, +419.40m | X15: 1.85792 | Y15: =ROUND((0*1000000/(1*3600)),2) -> 0 | AB15: =0.0294/8 -> 0.003675
A16: 12 | B16: KUNDALA | C16: IDK | D16: 1758.69 | F16: 1747.7 | G16: 1759.3 | I16: 1755 | J16: 1756 | K16: 1757 | L16: 7.65 | M16: 1.792 | N16: =ROUND((M16/L16)*100,2) -> 23.42 | O16: =(#REF!/L16) -> #REF! | P16: 0.036 | Q16: =ROUND((P16*1000000/(24*3600)),2) -> 0.42 | R16: 0 | S16: 0 | T16: 0 | U16: =R16+S16 -> 0 | V16: 0 | W16: Sluice discharge = 0.00 MCM. All gates are closed | X16: 0 | Y16: =ROUND((S16*1000000/(24*3600)),2) -> 0
A17: 13 | B17: KALLARKUTTY | C17: IDK | D17: 456.59 | F17: 452.9 | G17: 456.9 | H17: 450.2 | K17: 455 | L17: 6.43 | M17: 4.168 | N17: =ROUND((M17/L17)*100,2) -> 64.82 | O17: =(#REF!/L17) -> #REF! | P17: 2.1036 | Q17: =ROUND((P17*1000000/(24*3600)),2) -> 24.35 | R17: 1.8485 | S17: 0 | T17: 0 | U17: =R17+S17 -> 1.8485 | V17: 0 | X17: 0.8631 | Y17: =(S17*1000000)/(24*60*60) -> 0 | Z17: =ROUND((0.054*1000000/(24*3600)),2) -> 0.63
A18: 14 | B18: ERATTAYAR | C18: IDK | D18: 754.38 | F18: 747 | G18: 754.38 | H18: 748.28 | K18: 748.28 | L18: 5.292 | M18: 0.7129 | N18: =ROUND((M18/L18)*100,2) -> 13.47 | Q18: =ROUND((P18*1000000/(24*3600)),2) -> 0 | S18: 0 | T18: 0 | U18: =R18+S18 -> 0 | V18: 0 | X18: 0
A19: 15 | B19: LOWER PERIYAR | C19: IDK | D19: 253 | F19: 249 | G19: 256 | H19: 237.74 | K19: 252 | L19: 4.55 | M19: 2.9 | N19: =ROUND((M19/L19)*100,2) -> 63.74 | O19: =(#REF!/L19) -> #REF! | P19: 3.7031 | Q19: =ROUND((P19*1000000/(24*3600)),2) -> 42.86 | R19: 3.6251 | S19: 0 | T19: 0 | U19: =R19+S19 -> 3.6251 | V19: 0 | X19: 1.669 | Y19: =ROUND((S19*1000000/(24*3600)),2) -> 0 | AA19: =ROUND((0.1728*1000000/(3*3600)),2) -> 16
A20: 16 | B20: MOOZHIYAR | C20: PTTA | D20: 192.63 | F20: 186 | G20: 192.94 | H20: 186.53 | K20: 190 | L20: 1.16 | M20: 0.365 | N20: =ROUND((M20/L20)*100,2) -> 31.47 | O20: =(#REF!/L20) -> #REF! | P20: 1.3697 | Q20: =ROUND((P20*1000000/(24*3600)),2) -> 15.85 | R20: 1.1956 | S20: 0 | T20: 0 | U20: =R20+S20 -> 1.1956 | V20: 1 | X20: 0.3416 | Y20: =ROUND((S20*1000000/(24*3600)),2) -> 0 | Z20: =ROUND((S20*1000000/(24*3600)),2) -> 0
A21: 17 | B21: KALLAR | C21: IDK | D21: 824.48 | F21: 820.3 | G21: 824.48 | H21: 818.38 | K21: 823.5 | L21: 0.763 | M21: 0.1949 | N21: =ROUND((M21/L21)*100,2) -> 25.54 | Q21: =ROUND((P21*1000000/(24*3600)),2) -> 0 | S21: 0 | T21: 0 | U21: =R21+S21 -> 0 | V21: 0 | X21: 0
A22: 18 | B22: SENGULAM | C22: IDK | D22: 847.64 | F22: 846.8 | G22: 849.49 | H22: 847.64 | L22: 0.39 | M22: 0.189 | N22: =ROUND((M22/L22)*100,2) -> 48.46 | O22: =(#REF!/L22) -> #REF! | P22: 0.8701 | Q22: =ROUND((P22*1000000/(24*3600)),2) -> 10.07 | R22: 0.799211 | S22: 0 | T22: 0 | U22: =R22+S22 -> 0.799211 | V22: 0 | X22: 0.6293
B23: Grand Total | L23: =SUM(L5:L22) -> 3547.554 | M23: =ROUND(SUM(M5:M22),2) -> 1104.33 | N23: =ROUND((M23/L23)*100,2) -> 31.13 | O23: =(#REF!/L23) -> #REF!
B25: Spilling Dams : | T25: Deputy Chief Engineer

Sheet 15.07.2026
A1: KERALA STATE ELECTRICITY BOARD LIMITED
A2: DAILY REPORT - WATER LEVELS OF MAJOR RESERVOIRS (As on 15.07.2026) 7.00 AM.
A3: Sl. No. | B3: Name of Reservoir | C3: District | D3: FRL (metre) | E3: Rule level (metre) | F3: Water level on date (metre) | G3: MWL (metre) | H3: Spillway Crest Level (metre) | I3: Blue Alert level (metre) | J3: Orange Alert level (metre) | K3: Red Alert Level (metre) | L3: Live Storage at FRL (MCM) | M3: Live Storage (MCM) | N3: % Storage | O3: % Storage wrt Live Storage at FRL | P3: Inflow (MCM) | Q3: Average Inflow (Cumecs) | R3: Power House Discharge (MCM) | S3: Spill (MCM) | T3: Current Spillway release (Cumecs) | U3: Total Outflow (MCM) | V3: Rain fall (mm) | W3: Remarks | X3: Generation (MU) | AA3: =0.224/8 -> 0.028
A4: 1 | B4: 2 | C4: 3 | D4: 4 | E4: 5 | F4: 6 | I4: 7 | J4: 8 | K4: 9 | M4: 10 | N4: 11 | O4: 15 | P4: 12 | Q4: 13 | R4: 14 | S4: 15 | T4: 16 | U4: 17=14+15 | V4: 18 | W4: 19
A5: 1 | B5: IDUKKI | C5: IDK | D5: 2403 | E5: 2377.95 | F5: 2328.16 | G5: 2408.5 ft | H5: 2373 ft | I5: =E5-8 -> 2369.95 | J5: =E5-2 -> 2375.95 | K5: =E5-1 -> 2376.95 | L5: 1459.49 | M5: 420.032 | N5: =ROUND((M5/L5)*100,2) -> 28.78 | O5: =(#REF!/L5) -> #REF! | P5: 4.277 | Q5: =ROUND((P5*1000000/(24*3600)),2) -> 49.5 | R5: 4.9763 | S5: 0 | T5: 0 | U5: =R5+S5 -> 4.9763 | V5: 0 | X5: 7.232
A6: 2 | B6: IDAMALAYAR | C6: EKM | D6: 169 | E6: 161.75 | F6: 143.24 | G6: 171 | H6: 161 | I6: =E6-1.5 -> 160.25 | J6: =E6-1 -> 160.75 | K6: =E6-0.5 -> 161.25 | L6: 1017.8 | M6: 371.894 | N6: =ROUND((M6/L6)*100,2) -> 36.54 | O6: =(#REF!/L6) -> #REF! | P6: 3.629 | Q6: =ROUND((P6*1000000/(24*3600)),2) -> 42 | R6: 1.834 | S6: 0 | T6: 0 | U6: =R6+S6 -> 1.834 | V6: 0 | X6: 0.4551
A7: 3 | B7: KAKKI - ANATHODE | C7: PTTA | D7: 981.46 | E7: 975.36 | F7: 954.03 | G7: 982.16 | H7: 975.36 | I7: =E7-2 -> 973.36 | J7: =E7-1 -> 974.36 | K7: =E7-0.5 -> 974.86 | L7: 446.51 | M7: 136.11 | N7: =ROUND((M7/L7)*100,2) -> 30.48 | O7: =(#REF!/L7) -> #REF! | P7: 1.9009 | Q7: =ROUND((P7*1000000/(24*3600)),2) -> 22 | R7: 1.4809 | S7: 0 | T7: 0 | U7: =R7+S7 -> 1.4809 | V7: 0 | X7: 2.3886
A8: 4 | B8: BANASURASAGAR (K A S) | C8: WND | D8: 775.6 | E8: 773.5 | F8: 761.7 | G8: 775.6 | H8: 767 | I8: =E8-1.5 -> 772 | J8: =E8-1 -> 772.5 | K8: =E8-0.5 -> 773 | L8: 201 | M8: 57.35 | N8: =ROUND((M8/L8)*100,2) -> 28.53 | O8: =(#REF!/L8) -> #REF! | P8: 1 | Q8: =ROUND((P8*1000000/(24*3600)),2) -> 11.57 | S8: 0 | T8: 0 | U8: =R8+S8 -> 0 | V8: 0 | W8: Tunnel fully closed on 29.06.'26 at 11.15 am. Tunnel discharge- Nil | Z8: =0.16/8 -> 0.02
A9: 5 | B9: SHOLAYAR | C9: TSR | D9: 2663 | F9: 2610.3 | G9: 2663 ft | H9: 2642 ft | I9: 2658 | J9: 2660 | K9: 2661 | L9: 149.089 | M9: 42.96 | N9: =ROUND((M9/L9)*100,2) -> 28.82 | O9: =(#REF!/L9) -> #REF! | P9: 1.3863 | Q9: =ROUND((P9*1000000/(24*3600)),2) -> 16.05 | R9: 0.3357 | S9: 0 | T9: 0 | U9: =R9+S9 -> 0.3357 | V9: 0 | X9: 0.216
A10: 6 | B10: MADUPETTY | C10: IDK | D10: 1599.59 | F10: 1569.95 | G10: 1599.59 | H10: 1594.71 | I10: 1596 | J10: 1597 | K10: 1598 | L10: 54.77 | M10: 4.24 | N10: =ROUND((M10/L10)*100,2) -> 7.74 | O10: =(#REF!/L10) -> #REF! | P10: 0.05 | Q10: =ROUND((P10*1000000/(24*3600)),2) -> 0.58 | R10: 0 | S10: 0 | T10: =Y10 -> 0 | U10: =R10+S10 -> 0 | V10: 0 | W10: Sluice discharge =0.00 MCM | X10: 0 | Y10: =(S10*1000000)/(24*60*60) -> 0
A11: 7 | B11: ANAYIRANKAL | C11: IDK | D11: 1207.02 | F11: 1195.67 | G11: 1210.07 | H11: 1207.02 | I11: 1205.02 | J11: 1206.02 | K11: 1207.02 | L11: 49.83 | M11: 11.1969 | N11: =ROUND((M11/L11)*100,2) -> 22.47 | O11: =(#REF!/L11) -> #REF! | P11: 0.0694 | Q11: =ROUND((P11*1000000/(24*3600)),2) -> 0.8 | S11: 0 | T11: 0 | U11: =R11+S11 -> 0 | V11: 0 | W11: (Sluice gate fully closed @ 4.00 pm on 05.06.'26) | X11: 0 | Y11: =ROUND((S11*1000000/(24*3600)),2) -> 0
A12: 8 | B12: PONMUDI | C12: IDK | D12: 707.75 | F12: 693.9 | G12: 708.66 | H12: 701.35 | I12: 704.5 | J12: 705.5 | K12: 706.5 | L12: 47.4 | M12: 20.1752 | N12: =ROUND((M12/L12)*100,2) -> 42.56 | O12: =(#REF!/L12) -> #REF! | P12: 0.0244 | Q12: =ROUND((P12*1000000/(24*3600)),2) -> 0.28 | R12: 0.4424 | S12: 0 | T12: 0 | U12: =R12+S12 -> 0.4424 | V12: 0 | X12: 0.1817 | Y12: =ROUND((S12*1000000/(24*3600)),2) -> 0
A13: 9 | B13: KUTTIYADI (KAKKAYAM) | C13: KKD | D13: 758.04 | F13: 749.81 | G13: 758.04 | H13: 751.64 | I13: 755.5 | J13: 756.5 | K13: 757.5 | L13: 33.98 | M13: 15.403 | N13: =ROUND((M13/L13)*100,2) -> 45.33 | O13: =(#REF!/L13) -> #REF! | P13: 0.607 | Q13: =ROUND((P13*1000000/(24*3600)),2) -> 7.03 | R13: 1.034 | S13: 0 | T13: 0 | U13: =R13+S13 -> 1.034 | V13: 0 | X13: 1.4603
A14: 10 | B14: PAMBA | C14: PTTA | D14: 986.33 | F14: 965 | G14: 986.33 | H14: 981.46 | I14: 982 | J14: 983.5 | K14: 984.5 | L14: 31.15 | M14: 1.41 | N14: =ROUND((M14/L14)*100,2) -> 4.53 | O14: =(#REF!/L14) -> #REF! | P14: 1.76 | Q14: =ROUND((P14*1000000/(24*3600)),2) -> 20.37 | S14: 0 | T14: 0 | U14: =R14+S14 -> 0 | V14: 0 | X14: 0
A15: 11 | B15: PORINGALKUTHU | C15: TSR | D15: 423.98 | F15: 418 | G15: 423.98 | H15: 419.41 | I15: 421 | J15: 422 | K15: 423 | L15: 30.3 | M15: 15.1 | N15: =ROUND((M15/L15)*100,2) -> 49.83 | O15: =(#REF!/L15) -> #REF! | P15: 3.7435 | Q15: =ROUND((P15*1000000/(24*3600)),2) -> 43.33 | R15: 4.3885 | S15: 0 | T15: =Y15 -> 0 | U15: =R15+S15 -> 4.3885 | V15: 0 | W15: Spillway gates are kept at crest level, +419.40m | X15: 1.761404 | Y15: =ROUND((0*1000000/(1*3600)),2) -> 0 | AB15: =0.0294/8 -> 0.003675
A16: 12 | B16: KUNDALA | C16: IDK | D16: 1758.69 | F16: 1747.75 | G16: 1759.3 | I16: 1755 | J16: 1756 | K16: 1757 | L16: 7.65 | M16: 1.81 | N16: =ROUND((M16/L16)*100,2) -> 23.66 | O16: =(#REF!/L16) -> #REF! | P16: 0.018 | Q16: =ROUND((P16*1000000/(24*3600)),2) -> 0.21 | R16: 0 | S16: 0 | T16: 0 | U16: =R16+S16 -> 0 | V16: 0 | W16: Sluice discharge = 0.00 MCM. All gates are closed | X16: 0 | Y16: =ROUND((S16*1000000/(24*3600)),2) -> 0
A17: 13 | B17: KALLARKUTTY | C17: IDK | D17: 456.59 | F17: 452.9 | G17: 456.9 | H17: 450.2 | K17: 455 | L17: 6.43 | M17: 4.168 | N17: =ROUND((M17/L17)*100,2) -> 64.82 | O17: =(#REF!/L17) -> #REF! | P17: 2.1036 | Q17: =ROUND((P17*1000000/(24*3600)),2) -> 24.35 | R17: 1.8485 | S17: 0 | T17: 0 | U17: =R17+S17 -> 1.8485 | V17: 0 | X17: 0.8631 | Y17: =(S17*1000000)/(24*60*60) -> 0 | Z17: =ROUND((0.054*1000000/(24*3600)),2) -> 0.63
A18: 14 | B18: ERATTAYAR | C18: IDK | D18: 754.38 | F18: 747 | G18: 754.38 | H18: 748.28 | K18: 748.28 | L18: 5.292 | M18: 0.7129 | N18: =ROUND((M18/L18)*100,2) -> 13.47 | Q18: =ROUND((P18*1000000/(24*3600)),2) -> 0 | S18: 0 | T18: 0 | U18: =R18+S18 -> 0 | V18: 0 | X18: 0
A19: 15 | B19: LOWER PERIYAR | C19: IDK | D19: 253 | F19: 248.6 | G19: 256 | H19: 237.74 | K19: 252 | L19: 4.55 | M19: 2.744 | N19: =ROUND((M19/L19)*100,2) -> 60.31 | O19: =(#REF!/L19) -> #REF! | P19: 1.9313 | Q19: =ROUND((P19*1000000/(24*3600)),2) -> 22.35 | R19: 2.0873 | S19: 0 | T19: 0 | U19: =R19+S19 -> 2.0873 | V19: 0 | X19: 0.961 | Y19: =ROUND((S19*1000000/(24*3600)),2) -> 0 | AA19: =ROUND((0.1728*1000000/(3*3600)),2) -> 16
A20: 16 | B20: MOOZHIYAR | C20: PTTA | D20: 192.63 | F20: 186.8 | G20: 192.94 | H20: 186.53 | K20: 190 | L20: 1.16 | M20: 0.446 | N20: =ROUND((M20/L20)*100,2) -> 38.45 | O20: =(#REF!/L20) -> #REF! | P20: 1.6226 | Q20: =ROUND((P20*1000000/(24*3600)),2) -> 18.78 | R20: 1.36773 | S20: 0 | T20: 0 | U20: =R20+S20 -> 1.36773 | V20: 0 | X20: 0.42084 | Y20: =ROUND((S20*1000000/(24*3600)),2) -> 0 | Z20: =ROUND((S20*1000000/(24*3600)),2) -> 0
A21: 17 | B21: KALLAR | C21: IDK | D21: 824.48 | F21: 820.3 | G21: 824.48 | H21: 818.38 | K21: 823.5 | L21: 0.763 | M21: 0.1949 | N21: =ROUND((M21/L21)*100,2) -> 25.54 | Q21: =ROUND((P21*1000000/(24*3600)),2) -> 0 | S21: 0 | T21: 0 | U21: =R21+S21 -> 0 | V21: 0 | X21: 0
A22: 18 | B22: SENGULAM | C22: IDK | D22: 847.64 | F22: 846.85 | G22: 849.49 | H22: 847.64 | L22: 0.39 | M22: 0.201 | N22: =ROUND((M22/L22)*100,2) -> 51.54 | O22: =(#REF!/L22) -> #REF! | P22: 0.6741 | Q22: =ROUND((P22*1000000/(24*3600)),2) -> 7.8 | R22: 0.6624 | S22: 0 | T22: 0 | U22: =R22+S22 -> 0.6624 | V22: 0 | X22: 0.5215
B23: Grand Total | L23: =SUM(L5:L22) -> 3547.554 | M23: =ROUND(SUM(M5:M22),2) -> 1106.15 | N23: =ROUND((M23/L23)*100,2) -> 31.18 | O23: =(#REF!/L23) -> #REF!
B25: Spilling Dams : | T25: Deputy Chief Engineer

Sheet 16.07.2026
A1: KERALA STATE ELECTRICITY BOARD LIMITED
A2: DAILY REPORT - WATER LEVELS OF MAJOR RESERVOIRS (As on 16.07.2026) 7.00 AM.
A3: Sl. No. | B3: Name of Reservoir | C3: District | D3: FRL (metre) | E3: Rule level (metre) | F3: Water level on date (metre) | G3: MWL (metre) | H3: Spillway Crest Level (metre) | I3: Blue Alert level (metre) | J3: Orange Alert level (metre) | K3: Red Alert Level (metre) | L3: Live Storage at FRL (MCM) | M3: Live Storage (MCM) | N3: % Storage | O3: % Storage wrt Live Storage at FRL | P3: Inflow (MCM) | Q3: Average Inflow (Cumecs) | R3: Power House Discharge (MCM) | S3: Spill (MCM) | T3: Current Spillway release (Cumecs) | U3: Total Outflow (MCM) | V3: Rain fall (mm) | W3: Remarks | X3: Generation (MU) | AA3: =0.224/8 -> 0.028
A4: 1 | B4: 2 | C4: 3 | D4: 4 | E4: 5 | F4: 6 | I4: 7 | J4: 8 | K4: 9 | M4: 10 | N4: 11 | O4: 15 | P4: 12 | Q4: 13 | R4: 14 | S4: 15 | T4: 16 | U4: 17=14+15 | V4: 18 | W4: 19
A5: 1 | B5: IDUKKI | C5: IDK | D5: 2403 | E5: 2377.95 | F5: 2327.86 | G5: 2408.5 ft | H5: 2373 ft | I5: =E5-8 -> 2369.95 | J5: =E5-2 -> 2375.95 | K5: =E5-1 -> 2376.95 | L5: 1459.49 | M5: 416.826 | N5: =ROUND((M5/L5)*100,2) -> 28.56 | O5: =(#REF!/L5) -> #REF! | P5: 3.762 | Q5: =ROUND((P5*1000000/(24*3600)),2) -> 43.54 | R5: 6.8137 | S5: 0 | T5: 0 | U5: =R5+S5 -> 6.8137 | V5: 0.2 | X5: 9.901
A6: 2 | B6: IDAMALAYAR | C6: EKM | D6: 169 | E6: 161.75 | F6: 143.2 | G6: 171 | H6: 161 | I6: =E6-1.5 -> 160.25 | J6: =E6-1 -> 160.75 | K6: =E6-0.5 -> 161.25 | L6: 1017.8 | M6: 371.12 | N6: =ROUND((M6/L6)*100,2) -> 36.46 | O6: =(#REF!/L6) -> #REF! | P6: 1.9997 | Q6: =ROUND((P6*1000000/(24*3600)),2) -> 23.14 | R6: 2.7272 | S6: 0 | T6: 0 | U6: =R6+S6 -> 2.7272 | V6: 0 | X6: 0.6765
A7: 3 | B7: KAKKI - ANATHODE | C7: PTTA | D7: 981.46 | E7: 975.36 | F7: 969.89 | G7: 982.16 | H7: 975.36 | I7: =E7-2 -> 973.36 | J7: =E7-1 -> 974.36 | K7: =E7-0.5 -> 974.86 | L7: 446.51 | M7: 136.18 | N7: =ROUND((M7/L7)*100,2) -> 30.5 | O7: =(#REF!/L7) -> #REF! | P7: 1.8635 | Q7: =ROUND((P7*1000000/(24*3600)),2) -> 21.57 | R7: 1.7935 | S7: 0 | T7: 0 | U7: =R7+S7 -> 1.7935 | V7: 0 | X7: 2.8927
A8: 4 | B8: BANASURASAGAR (K A S) | C8: WND | D8: 775.6 | E8: 773.5 | F8: 761.75 | G8: 775.6 | H8: 767 | I8: =E8-1.5 -> 772 | J8: =E8-1 -> 772.5 | K8: =E8-0.5 -> 773 | L8: 201 | M8: 57.55 | N8: =ROUND((M8/L8)*100,2) -> 28.63 | O8: =(#REF!/L8) -> #REF! | P8: 0.2 | Q8: =ROUND((P8*1000000/(24*3600)),2) -> 2.31 | S8: 0 | T8: 0 | U8: =R8+S8 -> 0 | V8: 0 | W8: Tunnel fully closed on 29.06.'26 at 11.15 am. Tunnel discharge- Nil | Z8: =0.16/8 -> 0.02
A9: 5 | B9: SHOLAYAR | C9: TSR | D9: 2663 | F9: 2610.7 | G9: 2663 ft | H9: 2642 ft | I9: 2658 | J9: 2660 | K9: 2661 | L9: 149.089 | M9: 43.49 | N9: =ROUND((M9/L9)*100,2) -> 29.17 | O9: =(#REF!/L9) -> #REF! | P9: 0.8904 | Q9: =ROUND((P9*1000000/(24*3600)),2) -> 10.31 | R9: 0.3581 | S9: 0 | T9: 0 | U9: =R9+S9 -> 0.3581 | V9: 3 | X9: 0.2306
A10: 6 | B10: MADUPETTY | C10: IDK | D10: 1599.59 | F10: 1569.85 | G10: 1599.59 | H10: 1594.71 | I10: 1596 | J10: 1597 | K10: 1598 | L10: 54.77 | M10: 4.14 | N10: =ROUND((M10/L10)*100,2) -> 7.56 | O10: =(#REF!/L10) -> #REF! | P10: 0.2525 | Q10: =ROUND((P10*1000000/(24*3600)),2) -> 2.92 | R10: 0 | S10: 0 | T10: =Y10 -> 0 | U10: =R10+S10 -> 0 | V10: 0 | W10: Sluice discharge =0.3525 MCM | X10: 0 | Y10: =(S10*1000000)/(24*60*60) -> 0
A11: 7 | B11: ANAYIRANKAL | C11: IDK | D11: 1207.02 | F11: 1195.7 | G11: 1210.07 | H11: 1207.02 | I11: 1205.02 | J11: 1206.02 | K11: 1207.02 | L11: 49.83 | M11: 11.2489 | N11: =ROUND((M11/L11)*100,2) -> 22.57 | O11: =(#REF!/L11) -> #REF! | P11: 0.052 | Q11: =ROUND((P11*1000000/(24*3600)),2) -> 0.6 | S11: 0 | T11: 0 | U11: =R11+S11 -> 0 | V11: 0 | W11: (Sluice gate fully closed @ 4.00 pm on 05.06.'26) | X11: 0 | Y11: =ROUND((S11*1000000/(24*3600)),2) -> 0
A12: 8 | B12: PONMUDI | C12: IDK | D12: 707.75 | F12: 693.6 | G12: 708.66 | H12: 701.35 | I12: 704.5 | J12: 705.5 | K12: 706.5 | L12: 47.4 | M12: 19.6736 | N12: =ROUND((M12/L12)*100,2) -> 41.51 | O12: =(#REF!/L12) -> #REF! | P12: 0.1237 | Q12: =ROUND((P12*1000000/(24*3600)),2) -> 1.43 | R12: 0.6253 | S12: 0 | T12: 0 | U12: =R12+S12 -> 0.6253 | V12: 0 | X12: 0.2568 | Y12: =ROUND((S12*1000000/(24*3600)),2) -> 0
A13: 9 | B13: KUTTIYADI (KAKKAYAM) | C13: KKD | D13: 758.04 | F13: 749.35 | G13: 758.04 | H13: 751.64 | I13: 755.5 | J13: 756.5 | K13: 757.5 | L13: 33.98 | M13: 14.4902 | N13: =ROUND((M13/L13)*100,2) -> 42.64 | O13: =(#REF!/L13) -> #REF! | P13: 0.0058 | Q13: =ROUND((P13*1000000/(24*3600)),2) -> 0.07 | R13: 0.9186 | S13: 0 | T13: 0 | U13: =R13+S13 -> 0.9186 | V13: 0 | X13: 1.2984
A14: 10 | B14: PAMBA | C14: PTTA | D14: 986.33 | F14: 964.8 | G14: 986.33 | H14: 981.46 | I14: 982 | J14: 983.5 | K14: 984.5 | L14: 31.15 | M14: 1.25 | N14: =ROUND((M14/L14)*100,2) -> 4.01 | O14: =(#REF!/L14) -> #REF! | P14: 1.478 | Q14: =ROUND((P14*1000000/(24*3600)),2) -> 17.11 | S14: 0 | T14: 0 | U14: =R14+S14 -> 0 | V14: 0 | X14: 0
A15: 11 | B15: PORINGALKUTHU | C15: TSR | D15: 423.98 | F15: 416.75 | G15: 423.98 | H15: 419.41 | I15: 421 | J15: 422 | K15: 423 | L15: 30.3 | M15: 12.6 | N15: =ROUND((M15/L15)*100,2) -> 41.58 | O15: =(#REF!/L15) -> #REF! | P15: 2.0806 | Q15: =ROUND((P15*1000000/(24*3600)),2) -> 24.08 | R15: 4.5806 | S15: 0 | T15: =Y15 -> 0 | U15: =R15+S15 -> 4.5806 | V15: 0 | W15: Spillway gates are kept at crest level, +419.40m | X15: 1.79842 | Y15: =ROUND((0*1000000/(1*3600)),2) -> 0 | AB15: =0.0294/8 -> 0.003675
A16: 12 | B16: KUNDALA | C16: IDK | D16: 1758.69 | F16: 1747.8 | G16: 1759.3 | I16: 1755 | J16: 1756 | K16: 1757 | L16: 7.65 | M16: 1.828 | N16: =ROUND((M16/L16)*100,2) -> 23.9 | O16: =(#REF!/L16) -> #REF! | P16: 0.018 | Q16: =ROUND((P16*1000000/(24*3600)),2) -> 0.21 | R16: 0 | S16: 0 | T16: 0 | U16: =R16+S16 -> 0 | V16: 0 | W16: Sluice discharge = 0.00 MCM. All gates are closed | X16: 0 | Y16: =ROUND((S16*1000000/(24*3600)),2) -> 0
A17: 13 | B17: KALLARKUTTY | C17: IDK | D17: 456.59 | F17: 452.2 | G17: 456.9 | H17: 450.2 | K17: 455 | L17: 6.43 | M17: 3.811 | N17: =ROUND((M17/L17)*100,2) -> 59.27 | O17: =(#REF!/L17) -> #REF! | P17: 1.5308 | Q17: =ROUND((P17*1000000/(24*3600)),2) -> 17.72 | R17: 1.9135 | S17: 0 | T17: 0 | U17: =R17+S17 -> 1.9135 | V17: 0 | X17: 0.8934 | Y17: =(S17*1000000)/(24*60*60) -> 0 | Z17: =ROUND((0.054*1000000/(24*3600)),2) -> 0.63
A18: 14 | B18: ERATTAYAR | C18: IDK | D18: 754.38 | F18: 747 | G18: 754.38 | H18: 748.28 | K18: 748.28 | L18: 5.292 | M18: 0.7129 | N18: =ROUND((M18/L18)*100,2) -> 13.47 | Q18: =ROUND((P18*1000000/(24*3600)),2) -> 0 | S18: 0 | T18: 0 | U18: =R18+S18 -> 0 | V18: 0 | X18: 0
A19: 15 | B19: LOWER PERIYAR | C19: IDK | D19: 253 | F19: 248.8 | G19: 256 | H19: 237.74 | K19: 252 | L19: 4.55 | M19: 2.822 | N19: =ROUND((M19/L19)*100,2) -> 62.02 | O19: =(#REF!/L19) -> #REF! | P19: 2.9711 | Q19: =ROUND((P19*1000000/(24*3600)),2) -> 34.39 | R19: 2.8931 | S19: 0 | T19: 0 | U19: =R19+S19 -> 2.8931 | V19: 0 | X19: 1.332 | Y19: =ROUND((S19*1000000/(24*3600)),2) -> 0 | AA19: =ROUND((0.1728*1000000/(3*3600)),2) -> 16
A20: 16 | B20: MOOZHIYAR | C20: PTTA | D20: 192.63 | F20: 187.75 | G20: 192.94 | H20: 186.53 | K20: 190 | L20: 1.16 | M20: 0.544 | N20: =ROUND((M20/L20)*100,2) -> 46.9 | O20: =(#REF!/L20) -> #REF! | P20: 1.4149 | Q20: =ROUND((P20*1000000/(24*3600)),2) -> 16.38 | R20: 1.6325 | S20: 0 | T20: 0 | U20: =R20+S20 -> 1.6325 | V20: 0 | X20: 0.5023 | Y20: =ROUND((S20*1000000/(24*3600)),2) -> 0 | Z20: =ROUND((S20*1000000/(24*3600)),2) -> 0
A21: 17 | B21: KALLAR | C21: IDK | D21: 824.48 | F21: 820.3 | G21: 824.48 | H21: 818.38 | K21: 823.5 | L21: 0.763 | M21: 0.1949 | N21: =ROUND((M21/L21)*100,2) -> 25.54 | Q21: =ROUND((P21*1000000/(24*3600)),2) -> 0 | S21: 0 | T21: 0 | U21: =R21+S21 -> 0 | V21: 0 | X21: 0
A22: 18 | B22: SENGULAM | C22: IDK | D22: 847.64 | F22: 846.7 | G22: 849.49 | H22: 847.64 | L22: 0.39 | M22: 0.165 | N22: =ROUND((M22/L22)*100,2) -> 42.31 | O22: =(#REF!/L22) -> #REF! | P22: 0.5458 | Q22: =ROUND((P22*1000000/(24*3600)),2) -> 6.32 | R22: 0.5813 | S22: 0 | T22: 0 | U22: =R22+S22 -> 0.5813 | V22: 0 | X22: 0.4577
B23: Grand Total | L23: =SUM(L5:L22) -> 3547.554 | M23: =ROUND(SUM(M5:M22),2) -> 1098.65 | N23: =ROUND((M23/L23)*100,2) -> 30.97 | O23: =(#REF!/L23) -> #REF!
B25: Spilling Dams : | T25: Deputy Chief Engineer

Sheet 17.07.2026
A1: KERALA STATE ELECTRICITY BOARD LIMITED
A2: DAILY REPORT - WATER LEVELS OF MAJOR RESERVOIRS (As on 17.07.2026) 7.00 AM.
A3: Sl. No. | B3: Name of Reservoir | C3: District | D3: FRL (metre) | E3: Rule level (metre) | F3: Water level on date (metre) | G3: MWL (metre) | H3: Spillway Crest Level (metre) | I3: Blue Alert level (metre) | J3: Orange Alert level (metre) | K3: Red Alert Level (metre) | L3: Live Storage at FRL (MCM) | M3: Live Storage (MCM) | N3: % Storage | O3: % Storage wrt Live Storage at FRL | P3: Inflow (MCM) | Q3: Average Inflow (Cumecs) | R3: Power House Discharge (MCM) | S3: Spill (MCM) | T3: Current Spillway release (Cumecs) | U3: Total Outflow (MCM) | V3: Rain fall (mm) | W3: Remarks | X3: Generation (MU) | AA3: =0.224/8 -> 0.028
A4: 1 | B4: 2 | C4: 3 | D4: 4 | E4: 5 | F4: 6 | I4: 7 | J4: 8 | K4: 9 | M4: 10 | N4: 11 | O4: 15 | P4: 12 | Q4: 13 | R4: 14 | S4: 15 | T4: 16 | U4: 17=14+15 | V4: 18 | W4: 19
A5: 1 | B5: IDUKKI | C5: IDK | D5: 2403 | E5: 2377.95 | F5: 2327.46 | G5: 2408.5 ft | H5: 2373 ft | I5: =E5-8 -> 2369.95 | J5: =E5-2 -> 2375.95 | K5: =E5-1 -> 2376.95 | L5: 1459.49 | M5: 412.544 | N5: =ROUND((M5/L5)*100,2) -> 28.27 | O5: =(#REF!/L5) -> #REF! | P5: 3.379 | Q5: =ROUND((P5*1000000/(24*3600)),2) -> 39.11 | R5: 7.5054 | S5: 0 | T5: 0 | U5: =R5+S5 -> 7.5054 | V5: 0.6 | X5: 10.904
A6: 2 | B6: IDAMALAYAR | C6: EKM | D6: 169 | E6: 161.75 | F6: 143.21 | G6: 171 | H6: 161 | I6: =E6-1.5 -> 160.25 | J6: =E6-1 -> 160.75 | K6: =E6-0.5 -> 161.25 | L6: 1017.8 | M6: 371.313 | N6: =ROUND((M6/L6)*100,2) -> 36.48 | O6: =(#REF!/L6) -> #REF! | P6: 2.7186 | Q6: =ROUND((P6*1000000/(24*3600)),2) -> 31.47 | R6: 2.5109 | S6: 0 | T6: 0 | U6: =R6+S6 -> 2.5109 | V6: 6.6 | X6: 0.6229
A7: 3 | B7: KAKKI - ANATHODE | C7: PTTA | D7: 981.46 | E7: 975.36 | F7: 953.97 | G7: 982.16 | H7: 975.36 | I7: =E7-2 -> 973.36 | J7: =E7-1 -> 974.36 | K7: =E7-0.5 -> 974.86 | L7: 446.51 | M7: 135.69 | N7: =ROUND((M7/L7)*100,2) -> 30.39 | O7: =(#REF!/L7) -> #REF! | P7: 1.7554 | Q7: =ROUND((P7*1000000/(24*3600)),2) -> 20.32 | R7: 2.2454 | S7: 0 | T7: 0 | U7: =R7+S7 -> 2.2454 | V7: 0 | X7: 3.6216
A8: 4 | B8: BANASURASAGAR (K A S) | C8: WND | D8: 775.6 | E8: 773.5 | F8: 761.8 | G8: 775.6 | H8: 767 | I8: =E8-1.5 -> 772 | J8: =E8-1 -> 772.5 | K8: =E8-0.5 -> 773 | L8: 201 | M8: 57.95 | N8: =ROUND((M8/L8)*100,2) -> 28.83 | O8: =(#REF!/L8) -> #REF! | P8: 0.4 | Q8: =ROUND((P8*1000000/(24*3600)),2) -> 4.63 | S8: 0 | T8: 0 | U8: =R8+S8 -> 0 | V8: 13.4 | W8: Tunnel fully closed on 29.06.'26 at 11.15 am. Tunnel discharge- Nil | Z8: =0.16/8 -> 0.02
A9: 5 | B9: SHOLAYAR | C9: TSR | D9: 2663 | F9: 2611.3 | G9: 2663 ft | H9: 2642 ft | I9: 2658 | J9: 2660 | K9: 2661 | L9: 149.089 | M9: 44.3 | N9: =ROUND((M9/L9)*100,2) -> 29.71 | O9: =(#REF!/L9) -> #REF! | P9: 1.5099 | Q9: =ROUND((P9*1000000/(24*3600)),2) -> 17.48 | R9: 0.7029 | S9: 0 | T9: 0 | U9: =R9+S9 -> 0.7029 | V9: 4 | X9: 0.4527
A10: 6 | B10: MADUPETTY | C10: IDK | D10: 1599.59 | F10: 1569.6 | G10: 1599.59 | H10: 1594.71 | I10: 1596 | J10: 1597 | K10: 1598 | L10: 54.77 | M10: 3.89 | N10: =ROUND((M10/L10)*100,2) -> 7.1 | O10: =(#REF!/L10) -> #REF! | P10: 0.239 | Q10: =ROUND((P10*1000000/(24*3600)),2) -> 2.77 | R10: 0 | S10: 0 | T10: =Y10 -> 0 | U10: =R10+S10 -> 0 | V10: 0 | W10: Sluice discharge =0.489 MCM | X10: 0 | Y10: =(S10*1000000)/(24*60*60) -> 0
A11: 7 | B11: ANAYIRANKAL | C11: IDK | D11: 1207.02 | F11: 1195.73 | G11: 1210.07 | H11: 1207.02 | I11: 1205.02 | J11: 1206.02 | K11: 1207.02 | L11: 49.83 | M11: 11.301 | N11: =ROUND((M11/L11)*100,2) -> 22.68 | O11: =(#REF!/L11) -> #REF! | P11: 0.0521 | Q11: =ROUND((P11*1000000/(24*3600)),2) -> 0.6 | S11: 0 | T11: 0 | U11: =R11+S11 -> 0 | V11: 0 | W11: (Sluice gate fully closed @ 4.00 pm on 05.06.'26) | X11: 0 | Y11: =ROUND((S11*1000000/(24*3600)),2) -> 0
A12: 8 | B12: PONMUDI | C12: IDK | D12: 707.75 | F12: 693 | G12: 708.66 | H12: 701.35 | I12: 704.5 | J12: 705.5 | K12: 706.5 | L12: 47.4 | M12: 18.7095 | N12: =ROUND((M12/L12)*100,2) -> 39.47 | O12: =(#REF!/L12) -> #REF! | P12: 0.1796 | Q12: =ROUND((P12*1000000/(24*3600)),2) -> 2.08 | R12: 1.1437 | S12: 0 | T12: 0 | U12: =R12+S12 -> 1.1437 | V12: 0 | X12: 0.4697 | Y12: =ROUND((S12*1000000/(24*3600)),2) -> 0
A13: 9 | B13: KUTTIYADI (KAKKAYAM) | C13: KKD | D13: 758.04 | F13: 748.8 | G13: 758.04 | H13: 751.64 | I13: 755.5 | J13: 756.5 | K13: 757.5 | L13: 33.98 | M13: 13.4915 | N13: =ROUND((M13/L13)*100,2) -> 39.7 | O13: =(#REF!/L13) -> #REF! | P13: 0.4103 | Q13: =ROUND((P13*1000000/(24*3600)),2) -> 4.75 | R13: 1.409 | S13: 0 | T13: 0 | U13: =R13+S13 -> 1.409 | V13: 20 | X13: 1.9903
A14: 10 | B14: PAMBA | C14: PTTA | D14: 986.33 | F14: 964.65 | G14: 986.33 | H14: 981.46 | I14: 982 | J14: 983.5 | K14: 984.5 | L14: 31.15 | M14: 1.13 | N14: =ROUND((M14/L14)*100,2) -> 3.63 | O14: =(#REF!/L14) -> #REF! | P14: 1.289 | Q14: =ROUND((P14*1000000/(24*3600)),2) -> 14.92 | S14: 0 | T14: 0 | U14: =R14+S14 -> 0 | V14: 0 | X14: 0
A15: 11 | B15: PORINGALKUTHU | C15: TSR | D15: 423.98 | F15: 416.4 | G15: 423.98 | H15: 419.41 | I15: 421 | J15: 422 | K15: 423 | L15: 30.3 | M15: 11.9 | N15: =ROUND((M15/L15)*100,2) -> 39.27 | O15: =(#REF!/L15) -> #REF! | P15: 1.974 | Q15: =ROUND((P15*1000000/(24*3600)),2) -> 22.85 | R15: 2.674 | S15: 0 | T15: =Y15 -> 0 | U15: =R15+S15 -> 2.674 | V15: 8 | W15: Spillway gates are kept at crest level, +419.40m | X15: 1.04964 | Y15: =ROUND((0*1000000/(1*3600)),2) -> 0 | AB15: =0.0294/8 -> 0.003675
A16: 12 | B16: KUNDALA | C16: IDK | D16: 1758.69 | F16: 1747.85 | G16: 1759.3 | I16: 1755 | J16: 1756 | K16: 1757 | L16: 7.65 | M16: 1.846 | N16: =ROUND((M16/L16)*100,2) -> 24.13 | O16: =(#REF!/L16) -> #REF! | P16: 0.018 | Q16: =ROUND((P16*1000000/(24*3600)),2) -> 0.21 | R16: 0 | S16: 0 | T16: 0 | U16: =R16+S16 -> 0 | V16: 0 | W16: Sluice discharge = 0.00 MCM. All gates are closed | X16: 0 | Y16: =ROUND((S16*1000000/(24*3600)),2) -> 0
A17: 13 | B17: KALLARKUTTY | C17: IDK | D17: 456.59 | F17: 452.65 | G17: 456.9 | H17: 450.2 | K17: 455 | L17: 6.43 | M17: 4.04 | N17: =ROUND((M17/L17)*100,2) -> 62.83 | O17: =(#REF!/L17) -> #REF! | P17: 2.6191 | Q17: =ROUND((P17*1000000/(24*3600)),2) -> 30.31 | R17: 2.3894 | S17: 0 | T17: 0 | U17: =R17+S17 -> 2.3894 | V17: 0 | X17: 1.1218 | Y17: =(S17*1000000)/(24*60*60) -> 0 | Z17: =ROUND((0.054*1000000/(24*3600)),2) -> 0.63
A18: 14 | B18: ERATTAYAR | C18: IDK | D18: 754.38 | F18: 747 | G18: 754.38 | H18: 748.28 | K18: 748.28 | L18: 5.292 | M18: 0.7129 | N18: =ROUND((M18/L18)*100,2) -> 13.47 | Q18: =ROUND((P18*1000000/(24*3600)),2) -> 0 | S18: 0 | T18: 0 | U18: =R18+S18 -> 0 | V18: 0 | X18: 0
A19: 15 | B19: LOWER PERIYAR | C19: IDK | D19: 253 | F19: 278 | G19: 256 | H19: 237.74 | K19: 252 | L19: 4.55 | M19: 2.51 | N19: =ROUND((M19/L19)*100,2) -> 55.16 | O19: =(#REF!/L19) -> #REF! | P19: 2.9894 | Q19: =ROUND((P19*1000000/(24*3600)),2) -> 34.6 | R19: 3.3014 | S19: 0 | T19: 0 | U19: =R19+S19 -> 3.3014 | V19: 0 | X19: 1.52 | Y19: =ROUND((S19*1000000/(24*3600)),2) -> 0 | AA19: =ROUND((0.1728*1000000/(3*3600)),2) -> 16
A20: 16 | B20: MOOZHIYAR | C20: PTTA | D20: 192.63 | F20: 186.7 | G20: 192.94 | H20: 186.53 | K20: 190 | L20: 1.16 | M20: 0.435 | N20: =ROUND((M20/L20)*100,2) -> 37.5 | O20: =(#REF!/L20) -> #REF! | P20: 1.6954 | Q20: =ROUND((P20*1000000/(24*3600)),2) -> 19.62 | R20: 1.8383 | S20: 0 | T20: 0 | U20: =R20+S20 -> 1.8383 | V20: 0 | X20: 0.56563 | Y20: =ROUND((S20*1000000/(24*3600)),2) -> 0 | Z20: =ROUND((S20*1000000/(24*3600)),2) -> 0
A21: 17 | B21: KALLAR | C21: IDK | D21: 824.48 | F21: 820.3 | G21: 824.48 | H21: 818.38 | K21: 823.5 | L21: 0.763 | M21: 0.1949 | N21: =ROUND((M21/L21)*100,2) -> 25.54 | Q21: =ROUND((P21*1000000/(24*3600)),2) -> 0 | S21: 0 | T21: 0 | U21: =R21+S21 -> 0 | V21: 0 | X21: 0
A22: 18 | B22: SENGULAM | C22: IDK | D22: 847.64 | F22: 846.7 | G22: 849.49 | H22: 847.64 | L22: 0.39 | M22: 0.165 | N22: =ROUND((M22/L22)*100,2) -> 42.31 | O22: =(#REF!/L22) -> #REF! | P22: 0.8025 | Q22: =ROUND((P22*1000000/(24*3600)),2) -> 9.29 | R22: 0.8025 | S22: 0 | T22: 0 | U22: =R22+S22 -> 0.8025 | V22: 0 | X22: 0.6319
B23: Grand Total | L23: =SUM(L5:L22) -> 3547.554 | M23: =ROUND(SUM(M5:M22),2) -> 1092.12 | N23: =ROUND((M23/L23)*100,2) -> 30.79 | O23: =(#REF!/L23) -> #REF!
B25: Spilling Dams : | T25: Deputy Chief Engineer

Sheet 18.07.2026
A1: KERALA STATE ELECTRICITY BOARD LIMITED
A2: DAILY REPORT - WATER LEVELS OF MAJOR RESERVOIRS (As on 18.07.2026) 7.00 AM.
A3: Sl. No. | B3: Name of Reservoir | C3: District | D3: FRL (metre) | E3: Rule level (metre) | F3: Water level on date (metre) | G3: MWL (metre) | H3: Spillway Crest Level (metre) | I3: Blue Alert level (metre) | J3: Orange Alert level (metre) | K3: Red Alert Level (metre) | L3: Live Storage at FRL (MCM) | M3: Live Storage (MCM) | N3: % Storage | O3: % Storage wrt Live Storage at FRL | P3: Inflow (MCM) | Q3: Average Inflow (Cumecs) | R3: Power House Discharge (MCM) | S3: Spill (MCM) | T3: Current Spillway release (Cumecs) | U3: Total Outflow (MCM) | V3: Rain fall (mm) | W3: Remarks | X3: Generation (MU) | AA3: =0.224/8 -> 0.028
A4: 1 | B4: 2 | C4: 3 | D4: 4 | E4: 5 | F4: 6 | I4: 7 | J4: 8 | K4: 9 | M4: 10 | N4: 11 | O4: 15 | P4: 12 | Q4: 13 | R4: 14 | S4: 15 | T4: 16 | U4: 17=14+15 | V4: 18 | W4: 19
A5: 1 | B5: IDUKKI | C5: IDK | D5: 2403 | E5: 2377.95 | F5: 2327.22 | G5: 2408.5 ft | H5: 2373 ft | I5: =E5-8 -> 2369.95 | J5: =E5-2 -> 2375.95 | K5: =E5-1 -> 2376.95 | L5: 1459.49 | M5: 409.975 | N5: =ROUND((M5/L5)*100,2) -> 28.09 | O5: =(#REF!/L5) -> #REF! | P5: 3.38 | Q5: =ROUND((P5*1000000/(24*3600)),2) -> 39.12 | R5: 5.7935 | S5: 0 | T5: 0 | U5: =R5+S5 -> 5.7935 | V5: 12.2 | X5: 8.416
A6: 2 | B6: IDAMALAYAR | C6: EKM | D6: 169 | E6: 161.75 | F6: 143.3 | G6: 171 | H6: 161 | I6: =E6-1.5 -> 160.25 | J6: =E6-1 -> 160.75 | K6: =E6-0.5 -> 161.25 | L6: 1017.8 | M6: 373.055 | N6: =ROUND((M6/L6)*100,2) -> 36.65 | O6: =(#REF!/L6) -> #REF! | P6: 3.1516 | Q6: =ROUND((P6*1000000/(24*3600)),2) -> 36.48 | R6: 1.4096 | S6: 0 | T6: 0 | U6: =R6+S6 -> 1.4096 | V6: 7 | X6: 0.35
A7: 3 | B7: KAKKI - ANATHODE | C7: PTTA | D7: 981.46 | E7: 975.36 | F7: 953.97 | G7: 982.16 | H7: 975.36 | I7: =E7-2 -> 973.36 | J7: =E7-1 -> 974.36 | K7: =E7-0.5 -> 974.86 | L7: 446.51 | M7: 135.69 | N7: =ROUND((M7/L7)*100,2) -> 30.39 | O7: =(#REF!/L7) -> #REF! | P7: 1.6584 | Q7: =ROUND((P7*1000000/(24*3600)),2) -> 19.19 | R7: 1.6584 | S7: 0 | T7: 0 | U7: =R7+S7 -> 1.6584 | V7: 14 | X7: 2.6749
A8: 4 | B8: BANASURASAGAR (K A S) | C8: WND | D8: 775.6 | E8: 773.5 | F8: 761.9 | G8: 775.6 | H8: 767 | I8: =E8-1.5 -> 772 | J8: =E8-1 -> 772.5 | K8: =E8-0.5 -> 773 | L8: 201 | M8: 58.75 | N8: =ROUND((M8/L8)*100,2) -> 29.23 | O8: =(#REF!/L8) -> #REF! | P8: 0.8 | Q8: =ROUND((P8*1000000/(24*3600)),2) -> 9.26 | S8: 0 | T8: 0 | U8: =R8+S8 -> 0 | V8: 19.4 | W8: Tunnel fully closed on 29.06.'26 at 11.15 am. Tunnel discharge- Nil | Z8: =0.16/8 -> 0.02
A9: 5 | B9: SHOLAYAR | C9: TSR | D9: 2663 | F9: 2612.2 | G9: 2663 ft | H9: 2642 ft | I9: 2658 | J9: 2660 | K9: 2661 | L9: 149.089 | M9: 45.53 | N9: =ROUND((M9/L9)*100,2) -> 30.54 | O9: =(#REF!/L9) -> #REF! | P9: 1.5742 | Q9: =ROUND((P9*1000000/(24*3600)),2) -> 18.22 | R9: 0.3452 | S9: 0 | T9: 0 | U9: =R9+S9 -> 0.3452 | V9: 9 | X9: 0.2224
A10: 6 | B10: MADUPETTY | C10: IDK | D10: 1599.59 | F10: 1569.25 | G10: 1599.59 | H10: 1594.71 | I10: 1596 | J10: 1597 | K10: 1598 | L10: 54.77 | M10: 3.54 | N10: =ROUND((M10/L10)*100,2) -> 6.46 | O10: =(#REF!/L10) -> #REF! | P10: 0.139 | Q10: =ROUND((P10*1000000/(24*3600)),2) -> 1.61 | R10: 0 | S10: 0 | T10: =Y10 -> 0 | U10: =R10+S10 -> 0 | V10: 0 | W10: Sluice discharge =0.489 MCM | X10: 0 | Y10: =(S10*1000000)/(24*60*60) -> 0
A11: 7 | B11: ANAYIRANKAL | C11: IDK | D11: 1207.02 | F11: 1195.75 | G11: 1210.07 | H11: 1207.02 | I11: 1205.02 | J11: 1206.02 | K11: 1207.02 | L11: 49.83 | M11: 11.3356 | N11: =ROUND((M11/L11)*100,2) -> 22.75 | O11: =(#REF!/L11) -> #REF! | P11: 0.0346 | Q11: =ROUND((P11*1000000/(24*3600)),2) -> 0.4 | S11: 0 | T11: 0 | U11: =R11+S11 -> 0 | V11: 0 | W11: (Sluice gate fully closed @ 4.00 pm on 05.06.'26) | X11: 0 | Y11: =ROUND((S11*1000000/(24*3600)),2) -> 0
A12: 8 | B12: PONMUDI | C12: IDK | D12: 707.75 | F12: 692.7 | G12: 708.66 | H12: 701.35 | I12: 704.5 | J12: 705.5 | K12: 706.5 | L12: 47.4 | M12: 18.2359 | N12: =ROUND((M12/L12)*100,2) -> 38.47 | O12: =(#REF!/L12) -> #REF! | P12: 0.4529 | Q12: =ROUND((P12*1000000/(24*3600)),2) -> 5.24 | R12: 0.9265 | S12: 0 | T12: 0 | U12: =R12+S12 -> 0.9265 | V12: 12 | X12: 0.3805 | Y12: =ROUND((S12*1000000/(24*3600)),2) -> 0
A13: 9 | B13: KUTTIYADI (KAKKAYAM) | C13: KKD | D13: 758.04 | F13: 748.5 | G13: 758.04 | H13: 751.64 | I13: 755.5 | J13: 756.5 | K13: 757.5 | L13: 33.98 | M13: 12.963 | N13: =ROUND((M13/L13)*100,2) -> 38.15 | O13: =(#REF!/L13) -> #REF! | P13: 0.9996 | Q13: =ROUND((P13*1000000/(24*3600)),2) -> 11.57 | R13: 1.5281 | S13: 0 | T13: 0 | U13: =R13+S13 -> 1.5281 | V13: 42 | X13: 2.1533
A14: 10 | B14: PAMBA | C14: PTTA | D14: 986.33 | F14: 964.55 | G14: 986.33 | H14: 981.46 | I14: 982 | J14: 983.5 | K14: 984.5 | L14: 31.15 | M14: 1.05 | N14: =ROUND((M14/L14)*100,2) -> 3.37 | O14: =(#REF!/L14) -> #REF! | P14: 1.171 | Q14: =ROUND((P14*1000000/(24*3600)),2) -> 13.55 | S14: 0 | T14: 0 | U14: =R14+S14 -> 0 | V14: 0 | X14: 0
A15: 11 | B15: PORINGALKUTHU | C15: TSR | D15: 423.98 | F15: 416.35 | G15: 423.98 | H15: 419.41 | I15: 421 | J15: 422 | K15: 423 | L15: 30.3 | M15: 11.8 | N15: =ROUND((M15/L15)*100,2) -> 38.94 | O15: =(#REF!/L15) -> #REF! | P15: 2.3258 | Q15: =ROUND((P15*1000000/(24*3600)),2) -> 26.92 | R15: 2.4258 | S15: 0 | T15: =Y15 -> 0 | U15: =R15+S15 -> 2.4258 | V15: 32.4 | W15: Spillway gates are kept at crest level, +419.40m | X15: 0.95293 | Y15: =ROUND((0*1000000/(1*3600)),2) -> 0 | AB15: =0.0294/8 -> 0.003675
A16: 12 | B16: KUNDALA | C16: IDK | D16: 1758.69 | F16: 1747.95 | G16: 1759.3 | I16: 1755 | J16: 1756 | K16: 1757 | L16: 7.65 | M16: 1.882 | N16: =ROUND((M16/L16)*100,2) -> 24.6 | O16: =(#REF!/L16) -> #REF! | P16: 0.036 | Q16: =ROUND((P16*1000000/(24*3600)),2) -> 0.42 | R16: 0 | S16: 0 | T16: 0 | U16: =R16+S16 -> 0 | V16: 1 | W16: Sluice discharge = 0.00 MCM. All gates are closed | X16: 0 | Y16: =ROUND((S16*1000000/(24*3600)),2) -> 0
A17: 13 | B17: KALLARKUTTY | C17: IDK | D17: 456.59 | F17: 452.2 | G17: 456.9 | H17: 450.2 | K17: 455 | L17: 6.43 | M17: 3.811 | N17: =ROUND((M17/L17)*100,2) -> 59.27 | O17: =(#REF!/L17) -> #REF! | P17: 1.6314 | Q17: =ROUND((P17*1000000/(24*3600)),2) -> 18.88 | R17: 1.861 | S17: 0 | T17: 0 | U17: =R17+S17 -> 1.861 | V17: 9 | X17: 0.8722 | Y17: =(S17*1000000)/(24*60*60) -> 0 | Z17: =ROUND((0.054*1000000/(24*3600)),2) -> 0.63
A18: 14 | B18: ERATTAYAR | C18: IDK | D18: 754.38 | F18: 747 | G18: 754.38 | H18: 748.28 | K18: 748.28 | L18: 5.292 | M18: 0.7129 | N18: =ROUND((M18/L18)*100,2) -> 13.47 | Q18: =ROUND((P18*1000000/(24*3600)),2) -> 0 | S18: 0 | T18: 0 | U18: =R18+S18 -> 0 | V18: 0 | X18: 0
A19: 15 | B19: LOWER PERIYAR | C19: IDK | D19: 253 | F19: 248.2 | G19: 256 | H19: 237.74 | K19: 252 | L19: 4.55 | M19: 2.588 | N19: =ROUND((M19/L19)*100,2) -> 56.88 | O19: =(#REF!/L19) -> #REF! | P19: 2.6214 | Q19: =ROUND((P19*1000000/(24*3600)),2) -> 30.34 | R19: 2.5434 | S19: 0 | T19: 0 | U19: =R19+S19 -> 2.5434 | V19: 13 | X19: 1.171 | Y19: =ROUND((S19*1000000/(24*3600)),2) -> 0 | AA19: =ROUND((0.1728*1000000/(3*3600)),2) -> 16
A20: 16 | B20: MOOZHIYAR | C20: PTTA | D20: 192.63 | F20: 187.7 | G20: 192.94 | H20: 186.53 | K20: 190 | L20: 1.16 | M20: 0.539 | N20: =ROUND((M20/L20)*100,2) -> 46.47 | O20: =(#REF!/L20) -> #REF! | P20: 1.5495 | Q20: =ROUND((P20*1000000/(24*3600)),2) -> 17.93 | R20: 1.6269 | S20: 0 | T20: 0 | U20: =R20+S20 -> 1.6269 | V20: 5 | X20: 0.50058 | Y20: =ROUND((S20*1000000/(24*3600)),2) -> 0 | Z20: =ROUND((S20*1000000/(24*3600)),2) -> 0
A21: 17 | B21: KALLAR | C21: IDK | D21: 824.48 | F21: 820.3 | G21: 824.48 | H21: 818.38 | K21: 823.5 | L21: 0.763 | M21: 0.1949 | N21: =ROUND((M21/L21)*100,2) -> 25.54 | Q21: =ROUND((P21*1000000/(24*3600)),2) -> 0 | S21: 0 | T21: 0 | U21: =R21+S21 -> 0 | V21: 0 | X21: 0
A22: 18 | B22: SENGULAM | C22: IDK | D22: 847.64 | F22: 846.55 | G22: 849.49 | H22: 847.64 | L22: 0.39 | M22: 3.811 | N22: =ROUND((M22/L22)*100,2) -> 977.18 | O22: =(#REF!/L22) -> #REF! | P22: 1.6314 | Q22: =ROUND((P22*1000000/(24*3600)),2) -> 18.88 | R22: 1.861 | S22: 0 | T22: 0 | U22: =R22+S22 -> 1.861 | V22: 9 | X22: 0.8722
B23: Grand Total | L23: =SUM(L5:L22) -> 3547.554 | M23: =ROUND(SUM(M5:M22),2) -> 1095.46 | N23: =ROUND((M23/L23)*100,2) -> 30.88 | O23: =(#REF!/L23) -> #REF!
B25: Spilling Dams : | T25: Deputy Chief Engineer

Sheet 19.07.2026
A1: KERALA STATE ELECTRICITY BOARD LIMITED
A2: DAILY REPORT - WATER LEVELS OF MAJOR RESERVOIRS (As on 19.07.2026) 7.00 AM.
A3: Sl. No. | B3: Name of Reservoir | C3: District | D3: FRL (metre) | E3: Rule level (metre) | F3: Water level on date (metre) | G3: MWL (metre) | H3: Spillway Crest Level (metre) | I3: Blue Alert level (metre) | J3: Orange Alert level (metre) | K3: Red Alert Level (metre) | L3: Live Storage at FRL (MCM) | M3: Live Storage (MCM) | N3: % Storage | O3: % Storage wrt Live Storage at FRL | P3: Inflow (MCM) | Q3: Average Inflow (Cumecs) | R3: Power House Discharge (MCM) | S3: Spill (MCM) | T3: Current Spillway release (Cumecs) | U3: Total Outflow (MCM) | V3: Rain fall (mm) | W3: Remarks | X3: Generation (MU) | AA3: =0.224/8 -> 0.028
A4: 1 | B4: 2 | C4: 3 | D4: 4 | E4: 5 | F4: 6 | I4: 7 | J4: 8 | K4: 9 | M4: 10 | N4: 11 | O4: 15 | P4: 12 | Q4: 13 | R4: 14 | S4: 15 | T4: 16 | U4: 17=14+15 | V4: 18 | W4: 19
A5: 1 | B5: IDUKKI | C5: IDK | D5: 2403 | E5: 2377.95 | F5: 2327.22 | G5: 2408.5 ft | H5: 2373 ft | I5: =E5-8 -> 2369.95 | J5: =E5-2 -> 2375.95 | K5: =E5-1 -> 2376.95 | L5: 1459.49 | M5: 409.975 | N5: =ROUND((M5/L5)*100,2) -> 28.09 | O5: =(#REF!/L5) -> #REF! | P5: 3.562 | Q5: =ROUND((P5*1000000/(24*3600)),2) -> 41.23 | R5: 3.4068 | S5: 0 | T5: 0 | U5: =R5+S5 -> 3.4068 | V5: 12 | X5: 4.949
A6: 2 | B6: IDAMALAYAR | C6: EKM | D6: 169 | E6: 161.75 | F6: 143.36 | G6: 171 | H6: 161 | I6: =E6-1.5 -> 160.25 | J6: =E6-1 -> 160.75 | K6: =E6-0.5 -> 161.25 | L6: 1017.8 | M6: 374.216 | N6: =ROUND((M6/L6)*100,2) -> 36.77 | O6: =(#REF!/L6) -> #REF! | P6: 2.1855 | Q6: =ROUND((P6*1000000/(24*3600)),2) -> 25.3 | R6: 1.0043 | S6: 0 | T6: 0 | U6: =R6+S6 -> 1.0043 | V6: 11.4 | X6: 0.2495
A7: 3 | B7: KAKKI - ANATHODE | C7: PTTA | D7: 981.46 | E7: 975.36 | F7: 954.05 | G7: 982.16 | H7: 975.36 | I7: =E7-2 -> 973.36 | J7: =E7-1 -> 974.36 | K7: =E7-0.5 -> 974.86 | L7: 446.51 | M7: 136.25 | N7: =ROUND((M7/L7)*100,2) -> 30.51 | O7: =(#REF!/L7) -> #REF! | P7: 2.1244 | Q7: =ROUND((P7*1000000/(24*3600)),2) -> 24.59 | R7: 1.5644 | S7: 0 | T7: 0 | U7: =R7+S7 -> 1.5644 | V7: 6 | X7: 2.5233
A8: 4 | B8: BANASURASAGAR (K A S) | C8: WND | D8: 775.6 | E8: 773.5 | F8: 762.05 | G8: 775.6 | H8: 767 | I8: =E8-1.5 -> 772 | J8: =E8-1 -> 772.5 | K8: =E8-0.5 -> 773 | L8: 201 | M8: 59.95 | N8: =ROUND((M8/L8)*100,2) -> 29.83 | O8: =(#REF!/L8) -> #REF! | P8: 1.2 | Q8: =ROUND((P8*1000000/(24*3600)),2) -> 13.89 | S8: 0 | T8: 0 | U8: =R8+S8 -> 0 | V8: 15.6 | W8: Tunnel fully closed on 29.06.'26 at 11.15 am. Tunnel discharge- Nil | Z8: =0.16/8 -> 0.02
A9: 5 | B9: SHOLAYAR | C9: TSR | D9: 2663 | F9: 2613 | G9: 2663 ft | H9: 2642 ft | I9: 2658 | J9: 2660 | K9: 2661 | L9: 149.089 | M9: 46.64 | N9: =ROUND((M9/L9)*100,2) -> 31.28 | O9: =(#REF!/L9) -> #REF! | P9: 1.2559 | Q9: =ROUND((P9*1000000/(24*3600)),2) -> 14.54 | R9: 0.1458 | S9: 0 | T9: 0 | U9: =R9+S9 -> 0.1458 | V9: 7 | X9: 0.0941
A10: 6 | B10: MADUPETTY | C10: IDK | D10: 1599.59 | F10: 1568.9 | G10: 1599.59 | H10: 1594.71 | I10: 1596 | J10: 1597 | K10: 1598 | L10: 54.77 | M10: 3.19 | N10: =ROUND((M10/L10)*100,2) -> 5.82 | O10: =(#REF!/L10) -> #REF! | P10: 0.139 | Q10: =ROUND((P10*1000000/(24*3600)),2) -> 1.61 | R10: 0 | S10: 0 | T10: =Y10 -> 0 | U10: =R10+S10 -> 0 | V10: 0 | W10: Sluice discharge =0.489 MCM | X10: 0 | Y10: =(S10*1000000)/(24*60*60) -> 0
A11: 7 | B11: ANAYIRANKAL | C11: IDK | D11: 1207.02 | F11: 1195.76 | G11: 1210.07 | H11: 1207.02 | I11: 1205.02 | J11: 1206.02 | K11: 1207.02 | L11: 49.83 | M11: 11.353 | N11: =ROUND((M11/L11)*100,2) -> 22.78 | O11: =(#REF!/L11) -> #REF! | P11: 0.0174 | Q11: =ROUND((P11*1000000/(24*3600)),2) -> 0.2 | S11: 0 | T11: 0 | U11: =R11+S11 -> 0 | V11: 0 | W11: (Sluice gate fully closed @ 4.00 pm on 05.06.'26) | X11: 0 | Y11: =ROUND((S11*1000000/(24*3600)),2) -> 0
A12: 8 | B12: PONMUDI | C12: IDK | D12: 707.75 | F12: 692.25 | G12: 708.66 | H12: 701.35 | I12: 704.5 | J12: 705.5 | K12: 706.5 | L12: 47.4 | M12: 17.5253 | N12: =ROUND((M12/L12)*100,2) -> 36.97 | O12: =(#REF!/L12) -> #REF! | P12: 0.3944 | Q12: =ROUND((P12*1000000/(24*3600)),2) -> 4.56 | R12: 1.105 | S12: 0 | T12: 0 | U12: =R12+S12 -> 1.105 | V12: 4 | X12: 0.4538 | Y12: =ROUND((S12*1000000/(24*3600)),2) -> 0
A13: 9 | B13: KUTTIYADI (KAKKAYAM) | C13: KKD | D13: 758.04 | F13: 748.89 | G13: 758.04 | H13: 751.64 | I13: 755.5 | J13: 756.5 | K13: 757.5 | L13: 33.98 | M13: 13.647 | N13: =ROUND((M13/L13)*100,2) -> 40.16 | O13: =(#REF!/L13) -> #REF! | P13: 1.3842 | Q13: =ROUND((P13*1000000/(24*3600)),2) -> 16.02 | R13: 0.7002 | S13: 0 | T13: 0 | U13: =R13+S13 -> 0.7002 | V13: 14 | X13: 0.9895
A14: 10 | B14: PAMBA | C14: PTTA | D14: 986.33 | F14: 964.5 | G14: 986.33 | H14: 981.46 | I14: 982 | J14: 983.5 | K14: 984.5 | L14: 31.15 | M14: 1.01 | N14: =ROUND((M14/L14)*100,2) -> 3.24 | O14: =(#REF!/L14) -> #REF! | P14: 1.115 | Q14: =ROUND((P14*1000000/(24*3600)),2) -> 12.91 | S14: 0 | T14: 0 | U14: =R14+S14 -> 0 | V14: 8 | X14: 0
A15: 11 | B15: PORINGALKUTHU | C15: TSR | D15: 423.98 | F15: 416.15 | G15: 423.98 | H15: 419.41 | I15: 421 | J15: 422 | K15: 423 | L15: 30.3 | M15: 11.4 | N15: =ROUND((M15/L15)*100,2) -> 37.62 | O15: =(#REF!/L15) -> #REF! | P15: 1.0014 | Q15: =ROUND((P15*1000000/(24*3600)),2) -> 11.59 | R15: 1.4014 | S15: 0 | T15: =Y15 -> 0 | U15: =R15+S15 -> 1.4014 | V15: 7.4 | W15: Spillway gates are kept at crest level, +419.40m | X15: 0.569279 | Y15: =ROUND((0*1000000/(1*3600)),2) -> 0 | AB15: =0.0294/8 -> 0.003675
A16: 12 | B16: KUNDALA | C16: IDK | D16: 1758.69 | F16: 1748 | G16: 1759.3 | I16: 1755 | J16: 1756 | K16: 1757 | L16: 7.65 | M16: 1.9 | N16: =ROUND((M16/L16)*100,2) -> 24.84 | O16: =(#REF!/L16) -> #REF! | P16: 0.018 | Q16: =ROUND((P16*1000000/(24*3600)),2) -> 0.21 | R16: 0 | S16: 0 | T16: 0 | U16: =R16+S16 -> 0 | V16: 0 | W16: Sluice discharge = 0.00 MCM. All gates are closed | X16: 0 | Y16: =ROUND((S16*1000000/(24*3600)),2) -> 0
A17: 13 | B17: KALLARKUTTY | C17: IDK | D17: 456.59 | F17: 453.15 | G17: 456.9 | H17: 450.2 | K17: 455 | L17: 6.43 | M17: 4.296 | N17: =ROUND((M17/L17)*100,2) -> 66.81 | O17: =(#REF!/L17) -> #REF! | P17: 2.4421 | Q17: =ROUND((P17*1000000/(24*3600)),2) -> 28.27 | R17: 1.9574 | S17: 0 | T17: 0 | U17: =R17+S17 -> 1.9574 | V17: 9 | X17: 0.9199 | Y17: =(S17*1000000)/(24*60*60) -> 0 | Z17: =ROUND((0.054*1000000/(24*3600)),2) -> 0.63
A18: 14 | B18: ERATTAYAR | C18: IDK | D18: 754.38 | F18: 747 | G18: 754.38 | H18: 748.28 | K18: 748.28 | L18: 5.292 | M18: 0.7129 | N18: =ROUND((M18/L18)*100,2) -> 13.47 | Q18: =ROUND((P18*1000000/(24*3600)),2) -> 0 | S18: 0 | T18: 0 | U18: =R18+S18 -> 0 | V18: 0 | X18: 0
A19: 15 | B19: LOWER PERIYAR | C19: IDK | D19: 253 | F19: 248.7 | G19: 256 | H19: 237.74 | K19: 252 | L19: 4.55 | M19: 2.783 | N19: =ROUND((M19/L19)*100,2) -> 61.16 | O19: =(#REF!/L19) -> #REF! | P19: 3.1858 | Q19: =ROUND((P19*1000000/(24*3600)),2) -> 36.87 | R19: 2.9908 | S19: 0 | T19: 0 | U19: =R19+S19 -> 2.9908 | V19: 13 | X19: 1.377 | Y19: =ROUND((S19*1000000/(24*3600)),2) -> 0 | AA19: =ROUND((0.1728*1000000/(3*3600)),2) -> 16
A20: 16 | B20: MOOZHIYAR | C20: PTTA | D20: 192.63 | F20: 186.3 | G20: 192.94 | H20: 186.53 | K20: 190 | L20: 1.16 | M20: 0.395 | N20: =ROUND((M20/L20)*100,2) -> 34.05 | O20: =(#REF!/L20) -> #REF! | P20: 0.8517 | Q20: =ROUND((P20*1000000/(24*3600)),2) -> 9.86 | R20: 1.4517 | S20: 0 | T20: 0 | U20: =R20+S20 -> 1.4517 | V20: 9 | X20: 0.44668 | Y20: =ROUND((S20*1000000/(24*3600)),2) -> 0 | Z20: =ROUND((S20*1000000/(24*3600)),2) -> 0
A21: 17 | B21: KALLAR | C21: IDK | D21: 824.48 | F21: 820.2 | G21: 824.48 | H21: 818.38 | K21: 823.5 | L21: 0.763 | M21: 0.1913 | N21: =ROUND((M21/L21)*100,2) -> 25.07 | Q21: =ROUND((P21*1000000/(24*3600)),2) -> 0 | S21: 0 | T21: 0 | U21: =R21+S21 -> 0 | V21: 0 | X21: 0
A22: 18 | B22: SENGULAM | C22: IDK | D22: 847.64 | F22: 846.65 | G22: 849.49 | H22: 847.64 | L22: 0.39 | M22: 0.154 | N22: =ROUND((M22/L22)*100,2) -> 39.49 | O22: =(#REF!/L22) -> #REF! | P22: 0.7987 | Q22: =ROUND((P22*1000000/(24*3600)),2) -> 9.24 | R22: 0.77508 | S22: 0 | T22: 0 | U22: =R22+S22 -> 0.77508 | V22: 1.2 | X22: 0.6103
B23: Grand Total | L23: =SUM(L5:L22) -> 3547.554 | M23: =ROUND(SUM(M5:M22),2) -> 1095.59 | N23: =ROUND((M23/L23)*100,2) -> 30.88 | O23: =(#REF!/L23) -> #REF!
B25: Spilling Dams : | T25: Deputy Chief Engineer

Sheet 20.07.2026
A1: KERALA STATE ELECTRICITY BOARD LIMITED
A2: DAILY REPORT - WATER LEVELS OF MAJOR RESERVOIRS (As on 20.07.2026) 7.00 AM.
A3: Sl. No. | B3: Name of Reservoir | C3: District | D3: FRL (metre) | E3: Rule level (metre) | F3: Water level on date (metre) | G3: MWL (metre) | H3: Spillway Crest Level (metre) | I3: Blue Alert level (metre) | J3: Orange Alert level (metre) | K3: Red Alert Level (metre) | L3: Live Storage at FRL (MCM) | M3: Live Storage (MCM) | N3: % Storage | O3: % Storage wrt Live Storage at FRL | P3: Inflow (MCM) | Q3: Average Inflow (Cumecs) | R3: Power House Discharge (MCM) | S3: Spill (MCM) | T3: Current Spillway release (Cumecs) | U3: Total Outflow (MCM) | V3: Rain fall (mm) | W3: Remarks | X3: Generation (MU) | AA3: =0.224/8 -> 0.028
A4: 1 | B4: 2 | C4: 3 | D4: 4 | E4: 5 | F4: 6 | I4: 7 | J4: 8 | K4: 9 | M4: 10 | N4: 11 | O4: 15 | P4: 12 | Q4: 13 | R4: 14 | S4: 15 | T4: 16 | U4: 17=14+15 | V4: 18 | W4: 19
A5: 1 | B5: IDUKKI | C5: IDK | D5: 2403 | E5: 2377.95 | F5: 2327.52 | G5: 2408.5 ft | H5: 2373 ft | I5: =E5-8 -> 2369.95 | J5: =E5-2 -> 2375.95 | K5: =E5-1 -> 2376.95 | L5: 1459.49 | M5: 413.187 | N5: =ROUND((M5/L5)*100,2) -> 28.31 | O5: =(#REF!/L5) -> #REF! | P5: 5.841 | Q5: =ROUND((P5*1000000/(24*3600)),2) -> 67.6 | R5: 2.4744 | S5: 0 | T5: 0 | U5: =R5+S5 -> 2.4744 | V5: 64.4 | X5: 3.595
A6: 2 | B6: IDAMALAYAR | C6: EKM | D6: 169 | E6: 161.75 | F6: 143.45 | G6: 171 | H6: 161 | I6: =E6-1.5 -> 160.25 | J6: =E6-1 -> 160.75 | K6: =E6-0.5 -> 161.25 | L6: 1017.8 | M6: 375.957 | N6: =ROUND((M6/L6)*100,2) -> 36.94 | O6: =(#REF!/L6) -> #REF! | P6: 2.8948 | Q6: =ROUND((P6*1000000/(24*3600)),2) -> 33.5 | R6: 1.1261 | S6: 0 | T6: 0 | U6: =R6+S6 -> 1.1261 | V6: 30.8 | X6: 0.28
A7: 3 | B7: KAKKI - ANATHODE | C7: PTTA | D7: 981.46 | E7: 975.36 | F7: 954.17 | G7: 982.16 | H7: 975.36 | I7: =E7-2 -> 973.36 | J7: =E7-1 -> 974.36 | K7: =E7-0.5 -> 974.86 | L7: 446.51 | M7: 137.09 | N7: =ROUND((M7/L7)*100,2) -> 30.7 | O7: =(#REF!/L7) -> #REF! | P7: 1.416 | Q7: =ROUND((P7*1000000/(24*3600)),2) -> 16.39 | R7: 0.576 | S7: 0 | T7: 0 | U7: =R7+S7 -> 0.576 | V7: 24 | X7: 0.929
A8: 4 | B8: BANASURASAGAR (K A S) | C8: WND | D8: 775.6 | E8: 773.5 | F8: 762.25 | G8: 775.6 | H8: 767 | I8: =E8-1.5 -> 772 | J8: =E8-1 -> 772.5 | K8: =E8-0.5 -> 773 | L8: 201 | M8: 61.55 | N8: =ROUND((M8/L8)*100,2) -> 30.62 | O8: =(#REF!/L8) -> #REF! | P8: 1.6 | Q8: =ROUND((P8*1000000/(24*3600)),2) -> 18.52 | S8: 0 | T8: 0 | U8: =R8+S8 -> 0 | V8: 35.2 | W8: Tunnel fully closed on 29.06.'26 at 11.15 am. Tunnel discharge- Nil | Z8: =0.16/8 -> 0.02
A9: 5 | B9: SHOLAYAR | C9: TSR | D9: 2663 | F9: 2614 | G9: 2663 ft | H9: 2642 ft | I9: 2658 | J9: 2660 | K9: 2661 | L9: 149.089 | M9: 48.05 | N9: =ROUND((M9/L9)*100,2) -> 32.23 | O9: =(#REF!/L9) -> #REF! | P9: 1.4736 | Q9: =ROUND((P9*1000000/(24*3600)),2) -> 17.06 | R9: 0.0578 | S9: 0 | T9: 0 | U9: =R9+S9 -> 0.0578 | V9: 23 | X9: 0.0373
A10: 6 | B10: MADUPETTY | C10: IDK | D10: 1599.59 | F10: 1568.55 | G10: 1599.59 | H10: 1594.71 | I10: 1596 | J10: 1597 | K10: 1598 | L10: 54.77 | M10: 2.84 | N10: =ROUND((M10/L10)*100,2) -> 5.19 | O10: =(#REF!/L10) -> #REF! | P10: 0.139 | Q10: =ROUND((P10*1000000/(24*3600)),2) -> 1.61 | R10: 0 | S10: 0 | T10: =Y10 -> 0 | U10: =R10+S10 -> 0 | V10: 5 | W10: Sluice discharge =0.489 MCM | X10: 0 | Y10: =(S10*1000000)/(24*60*60) -> 0
A11: 7 | B11: ANAYIRANKAL | C11: IDK | D11: 1207.02 | F11: 1195.78 | G11: 1210.07 | H11: 1207.02 | I11: 1205.02 | J11: 1206.02 | K11: 1207.02 | L11: 49.83 | M11: 11.3877 | N11: =ROUND((M11/L11)*100,2) -> 22.85 | O11: =(#REF!/L11) -> #REF! | P11: 0.0347 | Q11: =ROUND((P11*1000000/(24*3600)),2) -> 0.4 | S11: 0 | T11: 0 | U11: =R11+S11 -> 0 | V11: 1 | W11: (Sluice gate fully closed @ 4.00 pm on 05.06.'26) | X11: 0 | Y11: =ROUND((S11*1000000/(24*3600)),2) -> 0
A12: 8 | B12: PONMUDI | C12: IDK | D12: 707.75 | F12: 692.4 | G12: 708.66 | H12: 701.35 | I12: 704.5 | J12: 705.5 | K12: 706.5 | L12: 47.4 | M12: 17.762 | N12: =ROUND((M12/L12)*100,2) -> 37.47 | O12: =(#REF!/L12) -> #REF! | P12: 0.4022 | Q12: =ROUND((P12*1000000/(24*3600)),2) -> 4.66 | R12: 0.16533 | S12: 0 | T12: 0 | U12: =R12+S12 -> 0.16533 | V12: 23 | X12: 0.0679 | Y12: =ROUND((S12*1000000/(24*3600)),2) -> 0
A13: 9 | B13: KUTTIYADI (KAKKAYAM) | C13: KKD | D13: 758.04 | F13: 749.05 | G13: 758.04 | H13: 751.64 | I13: 755.5 | J13: 756.5 | K13: 757.5 | L13: 33.98 | M13: 13.9201 | N13: =ROUND((M13/L13)*100,2) -> 40.97 | O13: =(#REF!/L13) -> #REF! | P13: 0.8527 | Q13: =ROUND((P13*1000000/(24*3600)),2) -> 9.87 | R13: 0.5788 | S13: 0 | T13: 0 | U13: =R13+S13 -> 0.5788 | V13: 32 | X13: 0.8156
A14: 10 | B14: PAMBA | C14: PTTA | D14: 986.33 | F14: 964.45 | G14: 986.33 | H14: 981.46 | I14: 982 | J14: 983.5 | K14: 984.5 | L14: 31.15 | M14: 0.97 | N14: =ROUND((M14/L14)*100,2) -> 3.11 | O14: =(#REF!/L14) -> #REF! | P14: 1.048 | Q14: =ROUND((P14*1000000/(24*3600)),2) -> 12.13 | S14: 0 | T14: 0 | U14: =R14+S14 -> 0 | V14: 18 | X14: 0
A15: 11 | B15: PORINGALKUTHU | C15: TSR | D15: 423.98 | F15: 416.8 | G15: 423.98 | H15: 419.41 | I15: 421 | J15: 422 | K15: 423 | L15: 30.3 | M15: 12.7 | N15: =ROUND((M15/L15)*100,2) -> 41.91 | O15: =(#REF!/L15) -> #REF! | P15: 2.18 | Q15: =ROUND((P15*1000000/(24*3600)),2) -> 25.23 | R15: 0.8801 | S15: 0 | T15: =Y15 -> 0 | U15: =R15+S15 -> 0.8801 | V15: 19 | W15: Spillway gates are kept at crest level, +419.40m | X15: 0.3497 | Y15: =ROUND((0*1000000/(1*3600)),2) -> 0 | AB15: =0.0294/8 -> 0.003675
A16: 12 | B16: KUNDALA | C16: IDK | D16: 1758.69 | F16: 1748.05 | G16: 1759.3 | I16: 1755 | J16: 1756 | K16: 1757 | L16: 7.65 | M16: 1.918 | N16: =ROUND((M16/L16)*100,2) -> 25.07 | O16: =(#REF!/L16) -> #REF! | P16: 0.018 | Q16: =ROUND((P16*1000000/(24*3600)),2) -> 0.21 | R16: 0 | S16: 0 | T16: 0 | U16: =R16+S16 -> 0 | V16: 0.8 | W16: Sluice discharge = 0.00 MCM. All gates are closed | X16: 0 | Y16: =ROUND((S16*1000000/(24*3600)),2) -> 0
A17: 13 | B17: KALLARKUTTY | C17: IDK | D17: 456.59 | F17: 453.2 | G17: 456.9 | H17: 450.2 | K17: 455 | L17: 6.43 | M17: 4.321 | N17: =ROUND((M17/L17)*100,2) -> 67.2 | O17: =(#REF!/L17) -> #REF! | P17: 1.5564 | Q17: =ROUND((P17*1000000/(24*3600)),2) -> 18.01 | R17: 1.5309 | S17: 0 | T17: 0 | U17: =R17+S17 -> 1.5309 | V17: 20 | X17: 0.7169 | Y17: =(S17*1000000)/(24*60*60) -> 0 | Z17: =ROUND((0.054*1000000/(24*3600)),2) -> 0.63
A18: 14 | B18: ERATTAYAR | C18: IDK | D18: 754.38 | F18: 747 | G18: 754.38 | H18: 748.28 | K18: 748.28 | L18: 5.292 | M18: 0.7129 | N18: =ROUND((M18/L18)*100,2) -> 13.47 | Q18: =ROUND((P18*1000000/(24*3600)),2) -> 0 | S18: 0 | T18: 0 | U18: =R18+S18 -> 0 | V18: 0 | X18: 0
A19: 15 | B19: LOWER PERIYAR | C19: IDK | D19: 253 | F19: 250.8 | G19: 256 | H19: 237.74 | K19: 252 | L19: 4.55 | M19: 3.618 | N19: =ROUND((M19/L19)*100,2) -> 79.52 | O19: =(#REF!/L19) -> #REF! | P19: 1.8472 | Q19: =ROUND((P19*1000000/(24*3600)),2) -> 21.38 | R19: 1.0122 | S19: 0 | T19: 0 | U19: =R19+S19 -> 1.0122 | V19: 30 | X19: 0.466 | Y19: =ROUND((S19*1000000/(24*3600)),2) -> 0 | AA19: =ROUND((0.1728*1000000/(3*3600)),2) -> 16
A20: 16 | B20: MOOZHIYAR | C20: PTTA | D20: 192.63 | F20: 185.5 | G20: 192.94 | H20: 186.53 | K20: 190 | L20: 1.16 | M20: 0.321 | N20: =ROUND((M20/L20)*100,2) -> 27.67 | O20: =(#REF!/L20) -> #REF! | P20: 0.8539 | Q20: =ROUND((P20*1000000/(24*3600)),2) -> 9.88 | R20: 0.5321 | S20: 0 | T20: 0 | U20: =R20+S20 -> 0.5321 | V20: 25 | X20: 0.16375 | Y20: =ROUND((S20*1000000/(24*3600)),2) -> 0 | Z20: =ROUND((S20*1000000/(24*3600)),2) -> 0
A21: 17 | B21: KALLAR | C21: IDK | D21: 824.48 | F21: 820.2 | G21: 824.48 | H21: 818.38 | K21: 823.5 | L21: 0.763 | M21: 0.1913 | N21: =ROUND((M21/L21)*100,2) -> 25.07 | Q21: =ROUND((P21*1000000/(24*3600)),2) -> 0 | S21: 0 | T21: 0 | U21: =R21+S21 -> 0 | V21: 0 | X21: 0
A22: 18 | B22: SENGULAM | C22: IDK | D22: 847.64 | F22: 846.8 | G22: 849.49 | H22: 847.64 | L22: 0.39 | M22: 0.189 | N22: =ROUND((M22/L22)*100,2) -> 48.46 | O22: =(#REF!/L22) -> #REF! | P22: 0.7827 | Q22: =ROUND((P22*1000000/(24*3600)),2) -> 9.06 | R22: 0.7473 | S22: 0 | T22: 0 | U22: =R22+S22 -> 0.7473 | V22: 3.3 | X22: 0.5884
B23: Grand Total | L23: =SUM(L5:L22) -> 3547.554 | M23: =ROUND(SUM(M5:M22),2) -> 1106.69 | N23: =ROUND((M23/L23)*100,2) -> 31.2 | O23: =(#REF!/L23) -> #REF!
B25: Spilling Dams : | T25: Deputy Chief Engineer

Sheet 21.07.2026
A1: KERALA STATE ELECTRICITY BOARD LIMITED
A2: DAILY REPORT - WATER LEVELS OF MAJOR RESERVOIRS (As on 21.07.2026) 7.00 AM.
A3: Sl. No. | B3: Name of Reservoir | C3: District | D3: FRL (metre) | E3: Rule level (metre) | F3: Water level on date (metre) | G3: MWL (metre) | H3: Spillway Crest Level (metre) | I3: Blue Alert level (metre) | J3: Orange Alert level (metre) | K3: Red Alert Level (metre) | L3: Live Storage at FRL (MCM) | M3: Live Storage (MCM) | N3: % Storage | O3: % Storage wrt Live Storage at FRL | P3: Inflow (MCM) | Q3: Average Inflow (Cumecs) | R3: Power House Discharge (MCM) | S3: Spill (MCM) | T3: Current Spillway release (Cumecs) | U3: Total Outflow (MCM) | V3: Rain fall (mm) | W3: Remarks | X3: Generation (MU) | AA3: =0.224/8 -> 0.028
A4: 1 | B4: 2 | C4: 3 | D4: 4 | E4: 5 | F4: 6 | I4: 7 | J4: 8 | K4: 9 | M4: 10 | N4: 11 | O4: 15 | P4: 12 | Q4: 13 | R4: 14 | S4: 15 | T4: 16 | U4: 17=14+15 | V4: 18 | W4: 19
A5: 1 | B5: IDUKKI | C5: IDK | D5: 2403 | E5: 2377.95 | F5: 2327.72 | G5: 2408.5 ft | H5: 2373 ft | I5: =E5-8 -> 2369.95 | J5: =E5-2 -> 2375.95 | K5: =E5-1 -> 2376.95 | L5: 1459.49 | M5: 415.327 | N5: =ROUND((M5/L5)*100,2) -> 28.46 | O5: =(#REF!/L5) -> #REF! | P5: 5.326 | Q5: =ROUND((P5*1000000/(24*3600)),2) -> 61.64 | R5: 3.0303 | S5: 0 | T5: 0 | U5: =R5+S5 -> 3.0303 | V5: 0.6 | X5: 4.403
A6: 2 | B6: IDAMALAYAR | C6: EKM | D6: 169 | E6: 161.75 | F6: 143.45 | G6: 171 | H6: 161 | I6: =E6-1.5 -> 160.25 | J6: =E6-1 -> 160.75 | K6: =E6-0.5 -> 161.25 | L6: 1017.8 | M6: 375.957 | N6: =ROUND((M6/L6)*100,2) -> 36.94 | O6: =(#REF!/L6) -> #REF! | P6: 1.0489 | Q6: =ROUND((P6*1000000/(24*3600)),2) -> 12.14 | R6: 1.0489 | S6: 0 | T6: 0 | U6: =R6+S6 -> 1.0489 | V6: 1.4 | X6: 0.2608
A7: 3 | B7: KAKKI - ANATHODE | C7: PTTA | D7: 981.46 | E7: 975.36 | F7: 954.26 | G7: 982.16 | H7: 975.36 | I7: =E7-2 -> 973.36 | J7: =E7-1 -> 974.36 | K7: =E7-0.5 -> 974.86 | L7: 446.51 | M7: 137.72 | N7: =ROUND((M7/L7)*100,2) -> 30.84 | O7: =(#REF!/L7) -> #REF! | P7: 1.6456 | Q7: =ROUND((P7*1000000/(24*3600)),2) -> 19.05 | R7: 1.0156 | S7: 0 | T7: 0 | U7: =R7+S7 -> 1.0156 | V7: 0 | X7: 1.638
A8: 4 | B8: BANASURASAGAR (K A S) | C8: WND | D8: 775.6 | E8: 773.5 | F8: 762.45 | G8: 775.6 | H8: 767 | I8: =E8-1.5 -> 772 | J8: =E8-1 -> 772.5 | K8: =E8-0.5 -> 773 | L8: 201 | M8: 63.15 | N8: =ROUND((M8/L8)*100,2) -> 31.42 | O8: =(#REF!/L8) -> #REF! | P8: 1.6 | Q8: =ROUND((P8*1000000/(24*3600)),2) -> 18.52 | S8: 0 | T8: 0 | U8: =R8+S8 -> 0 | V8: 10.2 | W8: Tunnel fully closed on 29.06.'26 at 11.15 am. Tunnel discharge- Nil | Z8: =0.16/8 -> 0.02
A9: 5 | B9: SHOLAYAR | C9: TSR | D9: 2663 | F9: 2614.7 | G9: 2663 ft | H9: 2642 ft | I9: 2658 | J9: 2660 | K9: 2661 | L9: 149.089 | M9: 49.07 | N9: =ROUND((M9/L9)*100,2) -> 32.91 | O9: =(#REF!/L9) -> #REF! | P9: 1.1328 | Q9: =ROUND((P9*1000000/(24*3600)),2) -> 13.11 | R9: 0.1219 | S9: 0 | T9: 0 | U9: =R9+S9 -> 0.1219 | V9: 9 | X9: 0.0788
A10: 6 | B10: MADUPETTY | C10: IDK | D10: 1599.59 | F10: 1568.25 | G10: 1599.59 | H10: 1594.71 | I10: 1596 | J10: 1597 | K10: 1598 | L10: 54.77 | M10: 2.54 | N10: =ROUND((M10/L10)*100,2) -> 4.64 | O10: =(#REF!/L10) -> #REF! | P10: 0.189 | Q10: =ROUND((P10*1000000/(24*3600)),2) -> 2.19 | R10: 0 | S10: 0 | T10: =Y10 -> 0 | U10: =R10+S10 -> 0 | V10: 2.6 | W10: Sluice discharge =0.489 MCM | X10: 0 | Y10: =(S10*1000000)/(24*60*60) -> 0
A11: 7 | B11: ANAYIRANKAL | C11: IDK | D11: 1207.02 | F11: 1195.8 | G11: 1210.07 | H11: 1207.02 | I11: 1205.02 | J11: 1206.02 | K11: 1207.02 | L11: 49.83 | M11: 11.4224 | N11: =ROUND((M11/L11)*100,2) -> 22.92 | O11: =(#REF!/L11) -> #REF! | P11: 0.0347 | Q11: =ROUND((P11*1000000/(24*3600)),2) -> 0.4 | S11: 0 | T11: 0 | U11: =R11+S11 -> 0 | V11: 0 | W11: (Sluice gate fully closed @ 4.00 pm on 05.06.'26) | X11: 0 | Y11: =ROUND((S11*1000000/(24*3600)),2) -> 0
A12: 8 | B12: PONMUDI | C12: IDK | D12: 707.75 | F12: 692.2 | G12: 708.66 | H12: 701.35 | I12: 704.5 | J12: 705.5 | K12: 706.5 | L12: 47.4 | M12: 17.4464 | N12: =ROUND((M12/L12)*100,2) -> 36.81 | O12: =(#REF!/L12) -> #REF! | P12: 0.0025 | Q12: =ROUND((P12*1000000/(24*3600)),2) -> 0.03 | R12: 0.31825 | S12: 0 | T12: 0 | U12: =R12+S12 -> 0.31825 | V12: 0 | X12: 0.1307 | Y12: =ROUND((S12*1000000/(24*3600)),2) -> 0
A13: 9 | B13: KUTTIYADI (KAKKAYAM) | C13: KKD | D13: 758.04 | F13: 749.02 | G13: 758.04 | H13: 751.64 | I13: 755.5 | J13: 756.5 | K13: 757.5 | L13: 33.98 | M13: 13.866 | N13: =ROUND((M13/L13)*100,2) -> 40.81 | O13: =(#REF!/L13) -> #REF! | P13: 0.6596 | Q13: =ROUND((P13*1000000/(24*3600)),2) -> 7.63 | R13: 0.7145 | S13: 0 | T13: 0 | U13: =R13+S13 -> 0.7145 | V13: 21 | X13: 1.0079
A14: 10 | B14: PAMBA | C14: PTTA | D14: 986.33 | F14: 964.45 | G14: 986.33 | H14: 981.46 | I14: 982 | J14: 983.5 | K14: 984.5 | L14: 31.15 | M14: 0.97 | N14: =ROUND((M14/L14)*100,2) -> 3.11 | O14: =(#REF!/L14) -> #REF! | P14: 1.053 | Q14: =ROUND((P14*1000000/(24*3600)),2) -> 12.19 | S14: 0 | T14: 0 | U14: =R14+S14 -> 0 | V14: 0 | X14: 0
A15: 11 | B15: PORINGALKUTHU | C15: TSR | D15: 423.98 | F15: 416.55 | G15: 423.98 | H15: 419.41 | I15: 421 | J15: 422 | K15: 423 | L15: 30.3 | M15: 12.2 | N15: =ROUND((M15/L15)*100,2) -> 40.26 | O15: =(#REF!/L15) -> #REF! | P15: 0.6618 | Q15: =ROUND((P15*1000000/(24*3600)),2) -> 7.66 | R15: 1.1618 | S15: 0 | T15: =Y15 -> 0 | U15: =R15+S15 -> 1.1618 | V15: 3.6 | W15: Spillway gates are kept at crest level, +419.40m | X15: 0.45648 | Y15: =ROUND((0*1000000/(1*3600)),2) -> 0 | AB15: =0.0294/8 -> 0.003675
A16: 12 | B16: KUNDALA | C16: IDK | D16: 1758.69 | F16: 1748.1 | G16: 1759.3 | I16: 1755 | J16: 1756 | K16: 1757 | L16: 7.65 | M16: 1.936 | N16: =ROUND((M16/L16)*100,2) -> 25.31 | O16: =(#REF!/L16) -> #REF! | P16: 0.018 | Q16: =ROUND((P16*1000000/(24*3600)),2) -> 0.21 | R16: 0 | S16: 0 | T16: 0 | U16: =R16+S16 -> 0 | V16: 0.4 | W16: Sluice discharge = 0.00 MCM. All gates are closed | X16: 0 | Y16: =ROUND((S16*1000000/(24*3600)),2) -> 0
A17: 13 | B17: KALLARKUTTY | C17: IDK | D17: 456.59 | F17: 452.4 | G17: 456.9 | H17: 450.2 | K17: 455 | L17: 6.43 | M17: 3.913 | N17: =ROUND((M17/L17)*100,2) -> 60.86 | O17: =(#REF!/L17) -> #REF! | P17: 0.7827 | Q17: =ROUND((P17*1000000/(24*3600)),2) -> 9.06 | R17: 1.19087 | S17: 0 | T17: 0 | U17: =R17+S17 -> 1.19087 | V17: 6 | X17: 0.5613 | Y17: =(S17*1000000)/(24*60*60) -> 0 | Z17: =ROUND((0.054*1000000/(24*3600)),2) -> 0.63
A18: 14 | B18: ERATTAYAR | C18: IDK | D18: 754.38 | F18: 747 | G18: 754.38 | H18: 748.28 | K18: 748.28 | L18: 5.292 | M18: 0.7129 | N18: =ROUND((M18/L18)*100,2) -> 13.47 | Q18: =ROUND((P18*1000000/(24*3600)),2) -> 0 | S18: 0 | T18: 0 | U18: =R18+S18 -> 0 | V18: 0 | X18: 0
A19: 15 | B19: LOWER PERIYAR | C19: IDK | D19: 253 | F19: 247.7 | G19: 256 | H19: 237.74 | K19: 252 | L19: 4.55 | M19: 2.417 | N19: =ROUND((M19/L19)*100,2) -> 53.12 | O19: =(#REF!/L19) -> #REF! | P19: 3.1778 | Q19: =ROUND((P19*1000000/(24*3600)),2) -> 36.78 | R19: 4.3788 | S19: 0 | T19: 0 | U19: =R19+S19 -> 4.3788 | V19: 9 | X19: 2.016 | Y19: =ROUND((S19*1000000/(24*3600)),2) -> 0 | AA19: =ROUND((0.1728*1000000/(3*3600)),2) -> 16
A20: 16 | B20: MOOZHIYAR | C20: PTTA | D20: 192.63 | F20: 185.4 | G20: 192.94 | H20: 186.53 | K20: 190 | L20: 1.16 | M20: 0.315 | N20: =ROUND((M20/L20)*100,2) -> 27.16 | O20: =(#REF!/L20) -> #REF! | P20: 0.8456 | Q20: =ROUND((P20*1000000/(24*3600)),2) -> 9.79 | R20: 1.0848 | S20: 0 | T20: 0 | U20: =R20+S20 -> 1.0848 | V20: 6 | X20: 0.33379 | Y20: =ROUND((S20*1000000/(24*3600)),2) -> 0 | Z20: =ROUND((S20*1000000/(24*3600)),2) -> 0
A21: 17 | B21: KALLAR | C21: IDK | D21: 824.48 | F21: 820.2 | G21: 824.48 | H21: 818.38 | K21: 823.5 | L21: 0.763 | M21: 0.1913 | N21: =ROUND((M21/L21)*100,2) -> 25.07 | Q21: =ROUND((P21*1000000/(24*3600)),2) -> 0 | S21: 0 | T21: 0 | U21: =R21+S21 -> 0 | V21: 0 | X21: 0
A22: 18 | B22: SENGULAM | C22: IDK | D22: 847.64 | F22: 846.8 | G22: 849.49 | H22: 847.64 | L22: 0.39 | M22: 0.189 | N22: =ROUND((M22/L22)*100,2) -> 48.46 | O22: =(#REF!/L22) -> #REF! | P22: 0.9084 | Q22: =ROUND((P22*1000000/(24*3600)),2) -> 10.51 | R22: 0.908431 | S22: 0 | T22: 0 | U22: =R22+S22 -> 0.908431 | V22: 5.1 | X22: 0.7153
B23: Grand Total | L23: =SUM(L5:L22) -> 3547.554 | M23: =ROUND(SUM(M5:M22),2) -> 1109.34 | N23: =ROUND((M23/L23)*100,2) -> 31.27 | O23: =(#REF!/L23) -> #REF!
B25: Spilling Dams : | T25: Deputy Chief Engineer

Sheet 22.07.2026
A1: KERALA STATE ELECTRICITY BOARD LIMITED
A2: DAILY REPORT - WATER LEVELS OF MAJOR RESERVOIRS (As on 22.07.2026) 7.00 AM.
A3: Sl. No. | B3: Name of Reservoir | C3: District | D3: FRL (metre) | E3: Rule level (metre) | F3: Water level on date (metre) | G3: MWL (metre) | H3: Spillway Crest Level (metre) | I3: Blue Alert level (metre) | J3: Orange Alert level (metre) | K3: Red Alert Level (metre) | L3: Live Storage at FRL (MCM) | M3: Live Storage (MCM) | N3: % Storage | O3: % Storage wrt Live Storage at FRL | P3: Inflow (MCM) | Q3: Average Inflow (Cumecs) | R3: Power House Discharge (MCM) | S3: Spill (MCM) | T3: Current Spillway release (Cumecs) | U3: Total Outflow (MCM) | V3: Rain fall (mm) | W3: Remarks | X3: Generation (MU) | AA3: =0.224/8 -> 0.028
A4: 1 | B4: 2 | C4: 3 | D4: 4 | E4: 5 | F4: 6 | I4: 7 | J4: 8 | K4: 9 | M4: 10 | N4: 11 | O4: 15 | P4: 12 | Q4: 13 | R4: 14 | S4: 15 | T4: 16 | U4: 17=14+15 | V4: 18 | W4: 19
A5: 1 | B5: IDUKKI | C5: IDK | D5: 2403 | E5: 2380.58 | F5: 2327.86 | G5: 2408.5 ft | H5: 2373 ft | I5: =E5-8 -> 2372.58 | J5: =E5-2 -> 2378.58 | K5: =E5-1 -> 2379.58 | L5: 1459.49 | M5: 416.826 | N5: =ROUND((M5/L5)*100,2) -> 28.56 | O5: =(#REF!/L5) -> #REF! | P5: 3.377 | Q5: =ROUND((P5*1000000/(24*3600)),2) -> 39.09 | R5: 1.7239 | S5: 0 | T5: 0 | U5: =R5+S5 -> 1.7239 | V5: 0 | X5: 2.505
A6: 2 | B6: IDAMALAYAR | C6: EKM | D6: 169 | E6: 162.5 | F6: 143.56 | G6: 171 | H6: 161 | I6: =E6-1.5 -> 161 | J6: =E6-1 -> 161.5 | K6: =E6-0.5 -> 162 | L6: 1017.8 | M6: 378.086 | N6: =ROUND((M6/L6)*100,2) -> 37.15 | O6: =(#REF!/L6) -> #REF! | P6: 2.7635 | Q6: =ROUND((P6*1000000/(24*3600)),2) -> 31.98 | R6: 0.6018 | S6: 0 | T6: 0 | U6: =R6+S6 -> 0.6018 | V6: 0 | X6: 0.1498
A7: 3 | B7: KAKKI - ANATHODE | C7: PTTA | D7: 981.46 | E7: 975.36 | F7: 954.34 | G7: 982.16 | H7: 975.36 | I7: =E7-2 -> 973.36 | J7: =E7-1 -> 974.36 | K7: =E7-0.5 -> 974.86 | L7: 446.51 | M7: 138.28 | N7: =ROUND((M7/L7)*100,2) -> 30.97 | O7: =(#REF!/L7) -> #REF! | P7: 1.1673 | Q7: =ROUND((P7*1000000/(24*3600)),2) -> 13.51 | R7: 0.6073 | S7: 0 | T7: 0 | U7: =R7+S7 -> 0.6073 | V7: 0 | X7: 0.9795
A8: 4 | B8: BANASURASAGAR (K A S) | C8: WND | D8: 775.6 | E8: 773.5 | F8: 762.5 | G8: 775.6 | H8: 767 | I8: =E8-1.5 -> 772 | J8: =E8-1 -> 772.5 | K8: =E8-0.5 -> 773 | L8: 201 | M8: 63.35 | N8: =ROUND((M8/L8)*100,2) -> 31.52 | O8: =(#REF!/L8) -> #REF! | P8: 0.2 | Q8: =ROUND((P8*1000000/(24*3600)),2) -> 2.31 | S8: 0 | T8: 0 | U8: =R8+S8 -> 0 | V8: 12.6 | W8: Tunnel fully closed on 29.06.'26 at 11.15 am. Tunnel discharge- Nil | Z8: =0.16/8 -> 0.02
A9: 5 | B9: SHOLAYAR | C9: TSR | D9: 2663 | F9: 2615.6 | G9: 2663 ft | H9: 2642 ft | I9: 2658 | J9: 2660 | K9: 2661 | L9: 149.089 | M9: 50.38 | N9: =ROUND((M9/L9)*100,2) -> 33.79 | O9: =(#REF!/L9) -> #REF! | P9: 1.4109 | Q9: =ROUND((P9*1000000/(24*3600)),2) -> 16.33 | R9: 0.0941 | S9: 0 | T9: 0 | U9: =R9+S9 -> 0.0941 | V9: 0 | X9: 0.0609
A10: 6 | B10: MADUPETTY | C10: IDK | D10: 1599.59 | F10: 1567.85 | G10: 1599.59 | H10: 1594.71 | I10: 1596 | J10: 1597 | K10: 1598 | L10: 54.77 | M10: 2.14 | N10: =ROUND((M10/L10)*100,2) -> 3.91 | O10: =(#REF!/L10) -> #REF! | P10: 0.089 | Q10: =ROUND((P10*1000000/(24*3600)),2) -> 1.03 | R10: 0 | S10: 0 | T10: =Y10 -> 0 | U10: =R10+S10 -> 0 | V10: 0 | W10: Sluice discharge =0.489 MCM | X10: 0 | Y10: =(S10*1000000)/(24*60*60) -> 0
A11: 7 | B11: ANAYIRANKAL | C11: IDK | D11: 1207.02 | F11: 1195.82 | G11: 1210.07 | H11: 1207.02 | I11: 1205.02 | J11: 1206.02 | K11: 1207.02 | L11: 49.83 | M11: 11.4571 | N11: =ROUND((M11/L11)*100,2) -> 22.99 | O11: =(#REF!/L11) -> #REF! | P11: 0.0347 | Q11: =ROUND((P11*1000000/(24*3600)),2) -> 0.4 | S11: 0 | T11: 0 | U11: =R11+S11 -> 0 | V11: 0 | W11: (Sluice gate fully closed @ 4.00 pm on 05.06.'26) | X11: 0 | Y11: =ROUND((S11*1000000/(24*3600)),2) -> 0
A12: 8 | B12: PONMUDI | C12: IDK | D12: 707.75 | F12: 692.15 | G12: 708.66 | H12: 701.35 | I12: 704.5 | J12: 705.5 | K12: 706.5 | L12: 47.4 | M12: 17.3674 | N12: =ROUND((M12/L12)*100,2) -> 36.64 | O12: =(#REF!/L12) -> #REF! | P12: 0.3133 | Q12: =ROUND((P12*1000000/(24*3600)),2) -> 3.63 | R12: 0.39227 | S12: 0 | T12: 0 | U12: =R12+S12 -> 0.39227 | V12: 0 | X12: 0.1611 | Y12: =ROUND((S12*1000000/(24*3600)),2) -> 0
A13: 9 | B13: KUTTIYADI (KAKKAYAM) | C13: KKD | D13: 758.04 | F13: 749.2 | G13: 758.04 | H13: 751.64 | I13: 755.5 | J13: 756.5 | K13: 757.5 | L13: 33.98 | M13: 14.1954 | N13: =ROUND((M13/L13)*100,2) -> 41.78 | O13: =(#REF!/L13) -> #REF! | P13: 1.1494 | Q13: =ROUND((P13*1000000/(24*3600)),2) -> 13.3 | R13: 0.82 | S13: 0 | T13: 0 | U13: =R13+S13 -> 0.82 | V13: 7 | X13: 1.16
A14: 10 | B14: PAMBA | C14: PTTA | D14: 986.33 | F14: 964.35 | G14: 986.33 | H14: 981.46 | I14: 982 | J14: 983.5 | K14: 984.5 | L14: 31.15 | M14: 0.89 | N14: =ROUND((M14/L14)*100,2) -> 2.86 | O14: =(#REF!/L14) -> #REF! | P14: 0.911 | Q14: =ROUND((P14*1000000/(24*3600)),2) -> 10.54 | S14: 0 | T14: 0 | U14: =R14+S14 -> 0 | V14: 0 | X14: 0
A15: 11 | B15: PORINGALKUTHU | C15: TSR | D15: 423.98 | F15: 416.5 | G15: 423.98 | H15: 419.41 | I15: 421 | J15: 422 | K15: 423 | L15: 30.3 | M15: 12.1 | N15: =ROUND((M15/L15)*100,2) -> 39.93 | O15: =(#REF!/L15) -> #REF! | P15: 2.2829 | Q15: =ROUND((P15*1000000/(24*3600)),2) -> 26.42 | R15: 2.3829 | S15: 0 | T15: =Y15 -> 0 | U15: =R15+S15 -> 2.3829 | V15: 1.8 | W15: Spillway gates are kept at crest level, +419.40m | X15: 0.93763 | Y15: =ROUND((0*1000000/(1*3600)),2) -> 0 | AB15: =0.0294/8 -> 0.003675
A16: 12 | B16: KUNDALA | C16: IDK | D16: 1758.69 | F16: 1748.2 | G16: 1759.3 | I16: 1755 | J16: 1756 | K16: 1757 | L16: 7.65 | M16: 1.972 | N16: =ROUND((M16/L16)*100,2) -> 25.78 | O16: =(#REF!/L16) -> #REF! | P16: 0.036 | Q16: =ROUND((P16*1000000/(24*3600)),2) -> 0.42 | R16: 0 | S16: 0 | T16: 0 | U16: =R16+S16 -> 0 | V16: 0 | W16: Sluice discharge = 0.00 MCM. All gates are closed | X16: 0 | Y16: =ROUND((S16*1000000/(24*3600)),2) -> 0
A17: 13 | B17: KALLARKUTTY | C17: IDK | D17: 456.59 | F17: 452.95 | G17: 456.9 | H17: 450.2 | K17: 455 | L17: 6.43 | M17: 4.193 | N17: =ROUND((M17/L17)*100,2) -> 65.21 | O17: =(#REF!/L17) -> #REF! | P17: 2.2199 | Q17: =ROUND((P17*1000000/(24*3600)),2) -> 25.69 | R17: 1.9393 | S17: 0 | T17: 0 | U17: =R17+S17 -> 1.9393 | V17: 0 | X17: 0.9113 | Y17: =(S17*1000000)/(24*60*60) -> 0 | Z17: =ROUND((0.054*1000000/(24*3600)),2) -> 0.63
A18: 14 | B18: ERATTAYAR | C18: IDK | D18: 754.38 | F18: 747 | G18: 754.38 | H18: 748.28 | K18: 748.28 | L18: 5.292 | M18: 0.7129 | N18: =ROUND((M18/L18)*100,2) -> 13.47 | Q18: =ROUND((P18*1000000/(24*3600)),2) -> 0 | S18: 0 | T18: 0 | U18: =R18+S18 -> 0 | V18: 0 | X18: 0
A19: 15 | B19: LOWER PERIYAR | C19: IDK | D19: 253 | F19: 249 | G19: 256 | H19: 237.74 | K19: 252 | L19: 4.55 | M19: 2.9 | N19: =ROUND((M19/L19)*100,2) -> 63.74 | O19: =(#REF!/L19) -> #REF! | P19: 2.9265 | Q19: =ROUND((P19*1000000/(24*3600)),2) -> 33.87 | R19: 2.4435 | S19: 0 | T19: 0 | U19: =R19+S19 -> 2.4435 | V19: 0 | X19: 1.125 | Y19: =ROUND((S19*1000000/(24*3600)),2) -> 0 | AA19: =ROUND((0.1728*1000000/(3*3600)),2) -> 16
A20: 16 | B20: MOOZHIYAR | C20: PTTA | D20: 192.63 | F20: 185.7 | G20: 192.94 | H20: 186.53 | K20: 190 | L20: 1.16 | M20: 0.336 | N20: =ROUND((M20/L20)*100,2) -> 28.97 | O20: =(#REF!/L20) -> #REF! | P20: 1.0868 | Q20: =ROUND((P20*1000000/(24*3600)),2) -> 12.58 | R20: 0.7415 | S20: 0 | T20: 0 | U20: =R20+S20 -> 0.7415 | V20: 0 | X20: 0.22814 | Y20: =ROUND((S20*1000000/(24*3600)),2) -> 0 | Z20: =ROUND((S20*1000000/(24*3600)),2) -> 0
A21: 17 | B21: KALLAR | C21: IDK | D21: 824.48 | F21: 820.2 | G21: 824.48 | H21: 818.38 | K21: 823.5 | L21: 0.763 | M21: 0.1913 | N21: =ROUND((M21/L21)*100,2) -> 25.07 | Q21: =ROUND((P21*1000000/(24*3600)),2) -> 0 | S21: 0 | T21: 0 | U21: =R21+S21 -> 0 | V21: 0 | X21: 0
A22: 18 | B22: SENGULAM | C22: IDK | D22: 847.64 | F22: 846.9 | G22: 849.49 | H22: 847.64 | L22: 0.39 | M22: 0.213 | N22: =ROUND((M22/L22)*100,2) -> 54.62 | O22: =(#REF!/L22) -> #REF! | P22: 0.7707 | Q22: =ROUND((P22*1000000/(24*3600)),2) -> 8.92 | R22: 0.747014 | S22: 0 | T22: 0 | U22: =R22+S22 -> 0.747014 | V22: 0 | X22: 0.5882
B23: Grand Total | L23: =SUM(L5:L22) -> 3547.554 | M23: =ROUND(SUM(M5:M22),2) -> 1115.59 | N23: =ROUND((M23/L23)*100,2) -> 31.45 | O23: =(#REF!/L23) -> #REF!
B25: Spilling Dams : | T25: Deputy Chief Engineer

Sheet 23.07.2026
A1: KERALA STATE ELECTRICITY BOARD LIMITED
A2: DAILY REPORT - WATER LEVELS OF MAJOR RESERVOIRS (As on 23.07.2026) 7.00 AM.
A3: Sl. No. | B3: Name of Reservoir | C3: District | D3: FRL (metre) | E3: Rule level (metre) | F3: Water level on date (metre) | G3: MWL (metre) | H3: Spillway Crest Level (metre) | I3: Blue Alert level (metre) | J3: Orange Alert level (metre) | K3: Red Alert Level (metre) | L3: Live Storage at FRL (MCM) | M3: Live Storage (MCM) | N3: % Storage | O3: % Storage wrt Live Storage at FRL | P3: Inflow (MCM) | Q3: Average Inflow (Cumecs) | R3: Power House Discharge (MCM) | S3: Spill (MCM) | T3: Current Spillway release (Cumecs) | U3: Total Outflow (MCM) | V3: Rain fall (mm) | W3: Remarks | X3: Generation (MU) | AA3: =0.224/8 -> 0.028
A4: 1 | B4: 2 | C4: 3 | D4: 4 | E4: 5 | F4: 6 | I4: 7 | J4: 8 | K4: 9 | M4: 10 | N4: 11 | O4: 15 | P4: 12 | Q4: 13 | R4: 14 | S4: 15 | T4: 16 | U4: 17=14+15 | V4: 18 | W4: 19
A5: 1 | B5: IDUKKI | C5: IDK | D5: 2403 | E5: 2380.58 | F5: 2328.02 | G5: 2408.5 ft | H5: 2373 ft | I5: =E5-8 -> 2372.58 | J5: =E5-2 -> 2378.58 | K5: =E5-1 -> 2379.58 | L5: 1459.49 | M5: 418.538 | N5: =ROUND((M5/L5)*100,2) -> 28.68 | O5: =(#REF!/L5) -> #REF! | P5: 2.819 | Q5: =ROUND((P5*1000000/(24*3600)),2) -> 32.63 | R5: 0.9517 | S5: 0 | T5: 0 | U5: =R5+S5 -> 0.9517 | V5: 3.4 | X5: 1.383
A6: 2 | B6: IDAMALAYAR | C6: EKM | D6: 169 | E6: 162.5 | F6: 143.71 | G6: 171 | H6: 161 | I6: =E6-1.5 -> 161 | J6: =E6-1 -> 161.5 | K6: =E6-0.5 -> 162 | L6: 1017.8 | M6: 380.988 | N6: =ROUND((M6/L6)*100,2) -> 37.43 | O6: =(#REF!/L6) -> #REF! | P6: 2.9298 | Q6: =ROUND((P6*1000000/(24*3600)),2) -> 33.91 | R6: 0 | S6: 0 | T6: 0 | U6: =R6+S6 -> 0 | V6: 6.6 | X6: 0
A7: 3 | B7: KAKKI - ANATHODE | C7: PTTA | D7: 981.46 | E7: 975.36 | F7: 954.47 | G7: 982.16 | H7: 975.36 | I7: =E7-2 -> 973.36 | J7: =E7-1 -> 974.36 | K7: =E7-0.5 -> 974.86 | L7: 446.51 | M7: 139.19 | N7: =ROUND((M7/L7)*100,2) -> 31.17 | O7: =(#REF!/L7) -> #REF! | P7: 1.0743 | Q7: =ROUND((P7*1000000/(24*3600)),2) -> 12.43 | R7: 0.1643 | S7: 0 | T7: 0 | U7: =R7+S7 -> 0.1643 | V7: 0 | X7: 0.265
A8: 4 | B8: BANASURASAGAR (K A S) | C8: WND | D8: 775.6 | E8: 773.5 | F8: 762.6 | G8: 775.6 | H8: 767 | I8: =E8-1.5 -> 772 | J8: =E8-1 -> 772.5 | K8: =E8-0.5 -> 773 | L8: 201 | M8: 64.35 | N8: =ROUND((M8/L8)*100,2) -> 32.01 | O8: =(#REF!/L8) -> #REF! | P8: 1 | Q8: =ROUND((P8*1000000/(24*3600)),2) -> 11.57 | S8: 0 | T8: 0 | U8: =R8+S8 -> 0 | V8: 10.4 | W8: Tunnel fully closed on 29.06.'26 at 11.15 am. Tunnel discharge- Nil | Z8: =0.16/8 -> 0.02
A9: 5 | B9: SHOLAYAR | C9: TSR | D9: 2663 | F9: 2616.6 | G9: 2663 ft | H9: 2642 ft | I9: 2658 | J9: 2660 | K9: 2661 | L9: 149.089 | M9: 51.87 | N9: =ROUND((M9/L9)*100,2) -> 34.79 | O9: =(#REF!/L9) -> #REF! | P9: 1.4895 | Q9: =ROUND((P9*1000000/(24*3600)),2) -> 17.24 | R9: 0 | S9: 0 | T9: 0 | U9: =R9+S9 -> 0 | V9: 10 | X9: 0
A10: 6 | B10: MADUPETTY | C10: IDK | D10: 1599.59 | F10: 1567.5 | G10: 1599.59 | H10: 1594.71 | I10: 1596 | J10: 1597 | K10: 1598 | L10: 54.77 | M10: 1.79 | N10: =ROUND((M10/L10)*100,2) -> 3.27 | O10: =(#REF!/L10) -> #REF! | P10: 0.139 | Q10: =ROUND((P10*1000000/(24*3600)),2) -> 1.61 | R10: 0 | S10: 0 | T10: =Y10 -> 0 | U10: =R10+S10 -> 0 | V10: 0 | W10: Sluice discharge =0.489 MCM | X10: 0 | Y10: =(S10*1000000)/(24*60*60) -> 0
A11: 7 | B11: ANAYIRANKAL | C11: IDK | D11: 1207.02 | F11: 1195.85 | G11: 1210.07 | H11: 1207.02 | I11: 1205.02 | J11: 1206.02 | K11: 1207.02 | L11: 49.83 | M11: 11.5091 | N11: =ROUND((M11/L11)*100,2) -> 23.1 | O11: =(#REF!/L11) -> #REF! | P11: 0.052 | Q11: =ROUND((P11*1000000/(24*3600)),2) -> 0.6 | S11: 0 | T11: 0 | U11: =R11+S11 -> 0 | V11: 0 | W11: (Sluice gate fully closed @ 4.00 pm on 05.06.'26) | X11: 0 | Y11: =ROUND((S11*1000000/(24*3600)),2) -> 0
